date,station,temperature_c,humidity_pct,rainfall_mm,wind_speed_ms,pressure_hpa
2025-01-01,Cotonou,26.6,83.5,0.0,3.0,1016.5
2025-01-01,Porto-Novo,25.3,73.9,1.1,2.7,1012.8
2025-01-01,Ouidah,26.5,87.6,0.0,3.7,1013.7
2025-01-01,Abomey-Calavi,28.6,82.5,0.0,2.4,1012.4
2025-01-01,Bohicon,24.8,81.4,0.0,3.9,1014.8
2025-01-01,Abomey,26.1,77.2,0.0,1.5,1013.8
2025-01-01,Parakou,23.8,72.1,0.0,2.4,1016.3
2025-01-01,Natitingou,22.6,66.6,0.0,1.5,1017.0
2025-01-01,Kandi,27.0,57.8,0.0,2.9,1016.4
2025-01-01,Malanville,28.4,52.2,0.0,2.3,1015.6
2025-01-02,Cotonou,27.9,90.9,0.0,2.4,1014.7
2025-01-02,Porto-Novo,28.6,85.8,0.0,3.2,1011.5
2025-01-02,Ouidah,25.1,81.4,0.0,1.5,1013.2
2025-01-02,Abomey-Calavi,27.1,80.7,0.0,3.0,1017.3
2025-01-02,Bohicon,25.0,71.4,0.0,3.3,1016.1
2025-01-02,Abomey,25.0,72.9,0.0,2.8,1013.9
2025-01-02,Parakou,27.4,71.3,0.0,2.1,1017.4
2025-01-02,Natitingou,24.3,63.6,0.9,2.4,1013.2
2025-01-02,Kandi,28.1,60.2,0.0,0.8,1013.9
2025-01-02,Malanville,27.9,54.7,0.0,2.4,1012.7
2025-01-03,Cotonou,26.6,91.3,0.5,3.1,1014.2
2025-01-03,Porto-Novo,25.8,80.0,0.0,2.6,1014.5
2025-01-03,Ouidah,25.7,80.8,0.5,1.5,1012.2
2025-01-03,Abomey-Calavi,26.8,82.1,0.0,4.1,1013.7
2025-01-03,Bohicon,27.9,67.7,0.0,3.8,1015.6
2025-01-03,Abomey,26.4,72.5,0.0,3.4,1015.7
2025-01-03,Parakou,25.7,64.6,0.0,2.0,1014.2
2025-01-03,Natitingou,25.3,58.4,0.0,1.1,1014.6
2025-01-03,Kandi,27.2,62.3,0.0,2.2,1013.0
2025-01-03,Malanville,27.1,54.9,0.0,2.3,1017.6
2025-01-04,Cotonou,27.0,87.6,0.9,2.4,1013.5
2025-01-04,Porto-Novo,26.2,83.6,0.0,3.7,1016.7
2025-01-04,Ouidah,29.0,80.0,0.0,2.4,1013.6
2025-01-04,Abomey-Calavi,26.0,86.4,0.0,2.9,1009.6
2025-01-04,Bohicon,26.5,67.4,0.0,1.7,1017.6
2025-01-04,Abomey,25.8,76.3,0.0,1.8,1015.0
2025-01-04,Parakou,25.6,78.4,0.0,3.1,1012.6
2025-01-04,Natitingou,29.4,68.0,0.0,3.8,1014.5
2025-01-04,Kandi,27.3,55.6,0.0,2.8,1017.1
2025-01-04,Malanville,29.1,56.8,0.0,2.7,1019.0
2025-01-05,Cotonou,25.4,85.5,0.0,3.7,1012.8
2025-01-05,Porto-Novo,26.5,80.2,0.0,3.5,1012.6
2025-01-05,Ouidah,24.3,82.8,0.5,2.3,1016.2
2025-01-05,Abomey-Calavi,29.8,84.8,0.0,2.7,1012.3
2025-01-05,Bohicon,25.1,81.7,0.0,3.4,1011.4
2025-01-05,Abomey,24.8,67.2,0.0,2.8,1015.5
2025-01-05,Parakou,25.3,66.2,0.0,2.0,1013.8
2025-01-05,Natitingou,23.3,58.6,2.3,4.6,1015.3
2025-01-05,Kandi,27.7,59.5,0.0,3.9,1013.1
2025-01-05,Malanville,28.8,51.7,0.0,3.4,1012.1
2025-01-06,Cotonou,23.7,74.4,0.0,4.1,1013.1
2025-01-06,Porto-Novo,26.0,89.9,0.0,2.9,1014.0
2025-01-06,Ouidah,28.0,88.9,0.0,1.8,1011.0
2025-01-06,Abomey-Calavi,27.5,88.7,0.0,1.0,1013.3
2025-01-06,Bohicon,26.4,72.1,0.0,2.4,1014.1
2025-01-06,Abomey,26.1,65.9,0.0,2.3,1011.3
2025-01-06,Parakou,25.5,67.2,2.8,1.5,1016.2
2025-01-06,Natitingou,22.8,63.5,0.0,2.5,1018.6
2025-01-06,Kandi,25.4,64.8,0.0,1.5,1014.9
2025-01-06,Malanville,28.5,56.9,0.0,1.4,1014.2
2025-01-07,Cotonou,26.3,92.9,0.0,2.2,1014.6
2025-01-07,Porto-Novo,24.0,90.9,0.0,2.8,1016.8
2025-01-07,Ouidah,25.5,90.8,0.0,1.8,1013.3
2025-01-07,Abomey-Calavi,26.3,88.7,0.0,1.5,1014.0
2025-01-07,Bohicon,24.7,70.8,0.0,3.6,1015.3
2025-01-07,Abomey,26.0,68.1,0.0,3.6,1013.5
2025-01-07,Parakou,27.7,55.5,0.0,3.7,1015.7
2025-01-07,Natitingou,24.1,64.9,0.0,2.1,1015.3
2025-01-07,Kandi,27.6,50.4,0.0,3.1,1012.8
2025-01-07,Malanville,26.9,49.9,0.0,3.4,1015.0
2025-01-08,Cotonou,26.9,89.3,0.0,2.4,1012.7
2025-01-08,Porto-Novo,24.6,81.5,0.0,2.8,1012.2
2025-01-08,Ouidah,27.7,89.4,0.0,1.8,1012.2
2025-01-08,Abomey-Calavi,28.3,78.3,2.0,3.5,1011.7
2025-01-08,Bohicon,27.7,69.8,0.0,2.4,1013.8
2025-01-08,Abomey,25.6,77.9,0.0,1.9,1012.0
2025-01-08,Parakou,24.8,68.0,0.0,3.5,1012.4
2025-01-08,Natitingou,24.7,63.6,0.0,1.8,1013.9
2025-01-08,Kandi,27.9,50.2,0.0,2.7,1016.3
2025-01-08,Malanville,29.0,55.3,0.0,3.0,1014.4
2025-01-09,Cotonou,25.3,87.3,0.0,2.6,1010.4
2025-01-09,Porto-Novo,26.8,90.0,1.4,1.4,1011.9
2025-01-09,Ouidah,27.0,90.5,1.1,3.2,1011.1
2025-01-09,Abomey-Calavi,27.6,74.6,0.0,1.1,1009.9
2025-01-09,Bohicon,27.7,69.3,0.0,1.1,1013.7
2025-01-09,Abomey,23.1,69.5,0.0,1.8,1014.3
2025-01-09,Parakou,25.8,73.8,0.0,1.6,1014.2
2025-01-09,Natitingou,24.4,63.6,0.0,2.2,1017.2
2025-01-09,Kandi,26.2,57.0,0.0,2.3,1011.6
2025-01-09,Malanville,29.3,56.7,0.0,2.4,1015.8
2025-01-10,Cotonou,24.3,88.8,0.0,2.4,1008.7
2025-01-10,Porto-Novo,26.9,77.7,0.5,3.6,1015.3
2025-01-10,Ouidah,26.3,84.5,0.0,1.9,1013.3
2025-01-10,Abomey-Calavi,27.9,80.5,0.0,2.6,1012.0
2025-01-10,Bohicon,24.9,76.4,2.2,3.1,1014.2
2025-01-10,Abomey,25.7,72.1,0.0,2.9,1015.9
2025-01-10,Parakou,27.1,68.1,0.0,2.0,1017.9
2025-01-10,Natitingou,22.8,67.3,0.0,2.2,1016.2
2025-01-10,Kandi,28.7,58.3,0.0,2.0,1017.4
2025-01-10,Malanville,28.4,47.4,0.0,3.3,1014.6
2025-01-11,Cotonou,27.8,83.8,0.9,2.1,1011.6
2025-01-11,Porto-Novo,24.5,85.9,0.0,3.5,1016.2
2025-01-11,Ouidah,28.4,86.8,1.3,2.0,1008.0
2025-01-11,Abomey-Calavi,25.2,86.3,0.9,1.6,1013.5
2025-01-11,Bohicon,23.5,71.4,0.0,2.2,1014.2
2025-01-11,Abomey,24.7,68.1,0.0,2.6,1011.7
2025-01-11,Parakou,28.1,67.5,0.0,2.3,1011.9
2025-01-11,Natitingou,22.5,60.1,0.0,1.5,1017.0
2025-01-11,Kandi,26.8,59.7,0.0,1.8,1011.5
2025-01-11,Malanville,28.9,53.4,0.0,4.2,1018.9
2025-01-12,Cotonou,28.5,83.6,0.0,3.6,1012.4
2025-01-12,Porto-Novo,27.1,84.3,0.0,2.3,1013.7
2025-01-12,Ouidah,25.5,90.1,0.0,2.0,1018.3
2025-01-12,Abomey-Calavi,27.2,88.2,0.0,3.1,1013.0
2025-01-12,Bohicon,24.1,69.9,0.0,1.8,1015.1
2025-01-12,Abomey,26.6,70.9,0.0,1.8,1011.3
2025-01-12,Parakou,26.1,59.0,0.0,3.1,1014.1
2025-01-12,Natitingou,23.5,61.4,0.0,2.6,1017.3
2025-01-12,Kandi,28.2,57.6,0.0,2.2,1011.3
2025-01-12,Malanville,28.3,60.4,0.0,2.7,1016.1
2025-01-13,Cotonou,27.6,83.7,2.5,2.6,1018.6
2025-01-13,Porto-Novo,24.8,79.8,2.6,2.1,1010.8
2025-01-13,Ouidah,26.1,81.3,1.8,1.5,1013.5
2025-01-13,Abomey-Calavi,26.6,82.4,0.0,2.9,1013.3
2025-01-13,Bohicon,25.2,71.7,0.0,3.3,1016.3
2025-01-13,Abomey,24.1,66.8,0.0,1.6,1013.6
2025-01-13,Parakou,23.3,69.8,0.0,2.2,1017.4
2025-01-13,Natitingou,22.8,56.1,0.0,2.4,1016.7
2025-01-13,Kandi,26.6,54.8,0.0,2.7,1014.8
2025-01-13,Malanville,26.3,56.4,0.0,3.0,1018.4
2025-01-14,Cotonou,26.6,77.9,0.0,4.0,1011.0
2025-01-14,Porto-Novo,25.4,77.0,0.0,1.9,1014.3
2025-01-14,Ouidah,24.9,75.5,0.0,3.1,1013.5
2025-01-14,Abomey-Calavi,26.3,89.0,0.0,2.5,1013.9
2025-01-14,Bohicon,25.5,66.0,0.0,1.6,1013.7
2025-01-14,Abomey,26.4,72.9,0.0,2.1,1015.4
2025-01-14,Parakou,28.9,73.1,0.0,1.0,1012.1
2025-01-14,Natitingou,26.7,61.2,0.0,3.4,1016.2
2025-01-14,Kandi,25.1,58.5,0.0,3.0,1017.4
2025-01-14,Malanville,27.0,49.8,0.4,3.4,1016.2
2025-01-15,Cotonou,26.1,81.7,0.0,2.3,1013.8
2025-01-15,Porto-Novo,25.3,77.9,0.0,2.8,1015.2
2025-01-15,Ouidah,26.5,69.3,0.0,2.6,1010.7
2025-01-15,Abomey-Calavi,26.7,82.9,0.0,3.2,1010.2
2025-01-15,Bohicon,24.6,74.9,0.0,3.3,1010.6
2025-01-15,Abomey,26.9,81.8,0.0,3.7,1014.0
2025-01-15,Parakou,26.7,60.1,0.6,3.2,1013.2
2025-01-15,Natitingou,26.6,67.5,0.0,2.1,1012.6
2025-01-15,Kandi,26.7,66.5,0.0,2.7,1017.5
2025-01-15,Malanville,25.8,61.7,0.0,3.9,1011.9
2025-01-16,Cotonou,26.7,91.7,0.0,3.6,1011.6
2025-01-16,Porto-Novo,27.4,78.3,0.0,0.5,1008.8
2025-01-16,Ouidah,26.0,84.2,0.0,2.3,1015.2
2025-01-16,Abomey-Calavi,25.7,79.5,0.0,3.0,1015.9
2025-01-16,Bohicon,25.4,71.4,0.0,3.6,1014.7
2025-01-16,Abomey,25.4,63.2,0.0,1.7,1010.4
2025-01-16,Parakou,27.6,65.3,0.2,2.6,1016.2
2025-01-16,Natitingou,23.6,55.6,0.0,2.1,1012.5
2025-01-16,Kandi,28.2,60.2,0.0,3.3,1012.9
2025-01-16,Malanville,30.0,48.3,0.0,1.8,1016.3
2025-01-17,Cotonou,26.1,79.7,0.0,3.9,1013.1
2025-01-17,Porto-Novo,26.7,88.3,0.0,3.1,1016.6
2025-01-17,Ouidah,26.8,81.8,0.0,2.9,1014.5
2025-01-17,Abomey-Calavi,26.1,77.2,0.1,2.4,1014.8
2025-01-17,Bohicon,27.4,77.8,0.0,2.6,1012.4
2025-01-17,Abomey,28.7,76.7,0.0,2.5,1018.7
2025-01-17,Parakou,26.9,70.3,0.0,2.6,1014.8
2025-01-17,Natitingou,25.7,50.8,0.0,2.7,1017.2
2025-01-17,Kandi,26.1,62.4,0.0,2.2,1015.4
2025-01-17,Malanville,28.7,51.2,0.0,2.4,1015.0
2025-01-18,Cotonou,25.5,80.0,0.0,2.3,1018.5
2025-01-18,Porto-Novo,26.4,78.5,0.0,2.2,1009.6
2025-01-18,Ouidah,28.7,85.9,0.0,3.2,1011.8
2025-01-18,Abomey-Calavi,27.8,74.3,0.0,1.9,1010.4
2025-01-18,Bohicon,25.4,65.6,0.0,3.0,1011.0
2025-01-18,Abomey,27.9,67.7,0.0,1.5,1014.9
2025-01-18,Parakou,25.9,63.7,0.0,2.6,1013.1
2025-01-18,Natitingou,25.9,65.4,0.0,0.8,1014.2
2025-01-18,Kandi,27.7,53.5,0.0,1.4,1015.1
2025-01-18,Malanville,28.2,49.3,0.0,3.3,1014.6
2025-01-19,Cotonou,29.9,80.7,0.0,4.7,1011.9
2025-01-19,Porto-Novo,27.5,77.2,0.0,3.5,1013.2
2025-01-19,Ouidah,24.9,85.8,0.0,1.7,1010.8
2025-01-19,Abomey-Calavi,27.8,79.8,0.0,4.0,1013.4
2025-01-19,Bohicon,23.5,68.5,0.0,3.7,1015.2
2025-01-19,Abomey,27.2,69.4,0.0,3.5,1017.9
2025-01-19,Parakou,25.5,71.2,1.3,2.3,1012.7
2025-01-19,Natitingou,22.7,65.6,0.0,2.0,1016.4
2025-01-19,Kandi,28.4,61.4,0.0,3.2,1015.2
2025-01-19,Malanville,28.1,50.0,0.0,3.4,1015.4
2025-01-20,Cotonou,26.7,80.2,0.0,2.1,1011.2
2025-01-20,Porto-Novo,28.1,82.6,0.0,3.0,1009.8
2025-01-20,Ouidah,27.5,79.4,0.5,2.8,1013.9
2025-01-20,Abomey-Calavi,26.8,79.9,0.0,2.7,1014.2
2025-01-20,Bohicon,27.3,69.4,0.0,2.5,1013.5
2025-01-20,Abomey,26.7,69.5,1.1,2.8,1014.2
2025-01-20,Parakou,26.1,66.5,0.0,2.1,1014.7
2025-01-20,Natitingou,25.2,60.3,0.0,1.4,1011.3
2025-01-20,Kandi,27.6,54.2,0.0,2.7,1015.2
2025-01-20,Malanville,28.1,55.7,0.0,1.5,1009.3
2025-01-21,Cotonou,28.2,87.8,0.0,3.2,1011.6
2025-01-21,Porto-Novo,25.6,83.2,1.3,3.2,1013.6
2025-01-21,Ouidah,25.8,78.9,0.0,3.6,1012.7
2025-01-21,Abomey-Calavi,25.4,82.5,0.8,1.3,1013.1
2025-01-21,Bohicon,24.3,73.7,0.0,3.2,1012.3
2025-01-21,Abomey,27.6,69.6,0.0,2.5,1012.7
2025-01-21,Parakou,24.9,72.0,3.5,2.9,1014.9
2025-01-21,Natitingou,24.6,51.4,0.0,1.5,1013.6
2025-01-21,Kandi,26.9,58.8,0.0,2.1,1011.4
2025-01-21,Malanville,29.8,47.6,0.0,2.4,1013.6
2025-01-22,Cotonou,26.5,80.8,0.0,2.9,1013.6
2025-01-22,Porto-Novo,27.9,77.5,0.0,1.6,1011.1
2025-01-22,Ouidah,29.1,72.2,0.0,2.0,1010.7
2025-01-22,Abomey-Calavi,30.5,82.3,0.0,2.5,1014.0
2025-01-22,Bohicon,26.2,68.3,0.0,3.9,1013.7
2025-01-22,Abomey,25.0,69.4,0.0,2.3,1013.3
2025-01-22,Parakou,26.1,62.0,0.0,2.2,1016.1
2025-01-22,Natitingou,24.4,51.9,0.0,2.5,1015.4
2025-01-22,Kandi,28.4,62.2,0.0,2.5,1017.8
2025-01-22,Malanville,26.8,53.9,0.0,2.9,1013.7
2025-01-23,Cotonou,26.3,84.1,0.0,1.9,1012.8
2025-01-23,Porto-Novo,28.5,82.7,0.0,3.3,1012.9
2025-01-23,Ouidah,27.2,86.0,0.0,2.8,1013.0
2025-01-23,Abomey-Calavi,27.3,77.2,0.0,2.4,1010.2
2025-01-23,Bohicon,27.8,64.5,1.4,2.3,1017.4
2025-01-23,Abomey,25.0,65.5,0.0,2.0,1012.8
2025-01-23,Parakou,26.5,69.7,0.0,2.7,1011.3
2025-01-23,Natitingou,23.0,62.2,0.0,2.2,1015.2
2025-01-23,Kandi,29.2,51.4,0.0,2.6,1013.5
2025-01-23,Malanville,29.4,56.3,0.0,3.6,1010.0
2025-01-24,Cotonou,27.2,77.5,0.0,3.8,1013.2
2025-01-24,Porto-Novo,26.2,83.2,0.0,3.1,1013.0
2025-01-24,Ouidah,25.0,87.0,0.0,3.9,1012.8
2025-01-24,Abomey-Calavi,25.0,69.5,0.0,3.1,1010.6
2025-01-24,Bohicon,25.1,76.8,0.0,1.8,1015.7
2025-01-24,Abomey,27.0,69.9,2.0,2.1,1016.0
2025-01-24,Parakou,28.6,68.5,2.6,1.6,1011.9
2025-01-24,Natitingou,24.8,51.9,0.0,1.9,1011.2
2025-01-24,Kandi,28.2,53.7,0.0,2.2,1015.0
2025-01-24,Malanville,28.8,61.8,0.0,3.8,1014.1
2025-01-25,Cotonou,25.8,83.9,0.0,3.4,1010.0
2025-01-25,Porto-Novo,27.8,83.7,0.0,3.3,1011.1
2025-01-25,Ouidah,27.8,75.9,0.0,2.1,1013.6
2025-01-25,Abomey-Calavi,27.6,78.3,0.0,2.1,1009.9
2025-01-25,Bohicon,24.1,75.3,0.0,2.1,1014.8
2025-01-25,Abomey,27.4,78.7,0.0,2.2,1009.4
2025-01-25,Parakou,24.3,63.3,0.0,3.2,1015.6
2025-01-25,Natitingou,23.0,64.0,0.0,1.3,1011.9
2025-01-25,Kandi,27.1,51.9,0.0,3.0,1015.1
2025-01-25,Malanville,29.3,58.6,0.0,2.6,1015.3
2025-01-26,Cotonou,27.8,83.3,0.0,2.6,1014.8
2025-01-26,Porto-Novo,24.7,85.4,0.0,2.9,1014.2
2025-01-26,Ouidah,28.1,88.0,0.0,3.9,1013.1
2025-01-26,Abomey-Calavi,26.6,75.3,0.0,2.9,1012.7
2025-01-26,Bohicon,28.1,70.2,0.0,3.6,1011.6
2025-01-26,Abomey,26.2,73.0,0.0,1.7,1010.1
2025-01-26,Parakou,28.7,70.6,0.0,2.5,1012.3
2025-01-26,Natitingou,26.1,69.0,0.0,2.0,1016.0
2025-01-26,Kandi,28.2,49.6,0.0,1.6,1017.9
2025-01-26,Malanville,30.0,55.5,0.0,2.4,1014.0
2025-01-27,Cotonou,30.5,85.1,0.0,3.5,1012.9
2025-01-27,Porto-Novo,28.8,80.2,1.9,2.9,1019.8
2025-01-27,Ouidah,26.9,83.8,0.0,3.4,1009.9
2025-01-27,Abomey-Calavi,27.6,77.3,0.0,3.1,1009.6
2025-01-27,Bohicon,28.1,77.9,0.0,2.8,1013.5
2025-01-27,Abomey,26.4,80.4,0.0,2.3,1011.0
2025-01-27,Parakou,27.1,67.6,0.0,3.3,1014.9
2025-01-27,Natitingou,25.4,54.6,2.1,1.8,1013.3
2025-01-27,Kandi,27.4,59.2,0.0,3.3,1014.6
2025-01-27,Malanville,29.9,51.8,0.0,2.7,1017.1
2025-01-28,Cotonou,28.2,66.9,0.0,2.8,1010.5
2025-01-28,Porto-Novo,28.3,71.6,0.0,1.2,1016.6
2025-01-28,Ouidah,27.4,78.3,0.0,3.8,1013.1
2025-01-28,Abomey-Calavi,25.2,79.1,0.0,2.8,1013.0
2025-01-28,Bohicon,25.9,72.8,0.0,1.7,1010.7
2025-01-28,Abomey,24.6,78.8,0.0,2.9,1013.4
2025-01-28,Parakou,26.7,65.3,0.0,2.8,1007.6
2025-01-28,Natitingou,24.6,56.1,0.0,2.2,1015.7
2025-01-28,Kandi,28.7,57.7,0.0,1.3,1015.9
2025-01-28,Malanville,29.4,59.2,0.0,2.2,1010.1
2025-01-29,Cotonou,30.0,75.8,0.0,2.9,1008.5
2025-01-29,Porto-Novo,27.0,80.4,0.0,2.4,1013.9
2025-01-29,Ouidah,25.6,81.8,0.0,3.1,1011.6
2025-01-29,Abomey-Calavi,29.3,72.9,0.0,3.1,1016.8
2025-01-29,Bohicon,27.5,61.1,0.0,4.5,1018.7
2025-01-29,Abomey,26.1,77.1,0.0,2.9,1014.6
2025-01-29,Parakou,24.3,67.4,0.0,2.5,1014.3
2025-01-29,Natitingou,24.6,67.6,0.0,2.8,1012.8
2025-01-29,Kandi,28.7,49.8,0.0,2.1,1011.8
2025-01-29,Malanville,30.2,47.2,0.0,2.5,1013.6
2025-01-30,Cotonou,26.7,87.8,0.0,3.7,1010.2
2025-01-30,Porto-Novo,28.5,80.3,0.0,3.3,1014.5
2025-01-30,Ouidah,27.2,87.6,1.0,1.4,1014.0
2025-01-30,Abomey-Calavi,27.0,80.3,0.0,3.0,1010.9
2025-01-30,Bohicon,26.4,73.1,0.0,3.6,1010.7
2025-01-30,Abomey,25.8,59.5,0.0,2.6,1011.0
2025-01-30,Parakou,27.0,66.9,0.0,2.7,1013.7
2025-01-30,Natitingou,23.8,58.0,0.0,1.4,1013.9
2025-01-30,Kandi,28.6,57.8,0.0,2.6,1011.7
2025-01-30,Malanville,28.9,43.4,2.2,2.8,1013.7
2025-01-31,Cotonou,26.4,87.8,0.0,2.1,1014.7
2025-01-31,Porto-Novo,30.7,70.5,3.4,3.0,1013.7
2025-01-31,Ouidah,26.3,89.6,0.0,4.2,1010.8
2025-01-31,Abomey-Calavi,28.2,76.4,0.0,2.3,1012.1
2025-01-31,Bohicon,26.2,77.3,0.0,3.3,1017.9
2025-01-31,Abomey,27.7,76.5,0.0,1.4,1010.9
2025-01-31,Parakou,24.0,60.9,2.9,2.9,1012.0
2025-01-31,Natitingou,23.1,53.3,0.0,2.8,1013.6
2025-01-31,Kandi,26.7,61.0,0.0,2.5,1013.6
2025-01-31,Malanville,27.5,54.1,0.0,3.0,1013.1
2025-02-01,Cotonou,27.7,78.0,0.0,2.6,1011.9
2025-02-01,Porto-Novo,24.6,83.0,0.0,2.7,1010.8
2025-02-01,Ouidah,26.8,78.5,0.0,2.9,1014.0
2025-02-01,Abomey-Calavi,28.3,74.2,0.0,3.3,1013.3
2025-02-01,Bohicon,26.2,68.3,0.0,3.3,1013.5
2025-02-01,Abomey,25.0,64.5,0.0,2.4,1018.8
2025-02-01,Parakou,26.9,51.4,0.0,2.6,1013.7
2025-02-01,Natitingou,25.5,49.1,0.0,2.4,1012.1
2025-02-01,Kandi,27.9,58.4,0.0,2.1,1013.8
2025-02-01,Malanville,26.2,49.0,0.0,3.5,1015.5
2025-02-02,Cotonou,29.3,86.6,0.0,3.3,1011.1
2025-02-02,Porto-Novo,31.6,79.2,0.0,2.4,1009.5
2025-02-02,Ouidah,28.9,76.0,0.0,4.2,1013.3
2025-02-02,Abomey-Calavi,29.2,77.8,1.7,1.9,1012.8
2025-02-02,Bohicon,25.5,67.6,0.0,2.2,1012.4
2025-02-02,Abomey,28.9,69.8,0.0,1.8,1017.0
2025-02-02,Parakou,24.3,62.7,0.0,2.9,1012.2
2025-02-02,Natitingou,23.3,46.9,0.0,2.7,1011.4
2025-02-02,Kandi,27.5,54.2,0.0,3.9,1013.5
2025-02-02,Malanville,28.9,45.8,0.0,2.6,1013.8
2025-02-03,Cotonou,26.3,76.1,0.0,3.6,1014.9
2025-02-03,Porto-Novo,30.8,82.6,3.4,2.8,1011.7
2025-02-03,Ouidah,26.0,83.9,0.0,1.3,1012.4
2025-02-03,Abomey-Calavi,27.2,81.4,0.0,3.0,1011.0
2025-02-03,Bohicon,25.4,70.0,0.0,2.9,1012.1
2025-02-03,Abomey,27.8,71.3,0.0,1.3,1012.4
2025-02-03,Parakou,24.7,65.5,0.0,3.1,1015.0
2025-02-03,Natitingou,28.9,58.0,0.0,2.9,1014.2
2025-02-03,Kandi,26.5,48.4,0.0,4.1,1014.1
2025-02-03,Malanville,29.4,50.0,0.0,2.3,1016.8
2025-02-04,Cotonou,24.5,82.5,0.0,2.4,1011.8
2025-02-04,Porto-Novo,26.2,76.5,0.0,2.9,1013.4
2025-02-04,Ouidah,29.1,89.1,1.0,2.4,1011.6
2025-02-04,Abomey-Calavi,26.9,73.7,0.0,3.3,1013.1
2025-02-04,Bohicon,26.8,68.8,0.0,3.4,1013.3
2025-02-04,Abomey,28.0,67.9,0.0,3.0,1011.7
2025-02-04,Parakou,27.6,76.3,0.0,1.7,1010.2
2025-02-04,Natitingou,26.7,62.6,0.0,2.1,1009.7
2025-02-04,Kandi,28.4,53.5,0.0,3.4,1018.7
2025-02-04,Malanville,30.1,52.0,0.0,4.6,1012.3
2025-02-05,Cotonou,30.3,76.4,1.3,2.8,1010.8
2025-02-05,Porto-Novo,31.6,74.4,0.0,2.5,1014.0
2025-02-05,Ouidah,26.2,82.8,2.7,2.8,1013.8
2025-02-05,Abomey-Calavi,27.5,70.2,0.0,2.7,1011.0
2025-02-05,Bohicon,28.8,62.6,0.0,2.2,1013.1
2025-02-05,Abomey,26.3,67.2,1.0,2.9,1013.8
2025-02-05,Parakou,28.9,68.0,0.0,2.5,1017.2
2025-02-05,Natitingou,25.4,58.3,0.7,1.7,1016.2
2025-02-05,Kandi,29.4,50.2,0.0,3.9,1017.5
2025-02-05,Malanville,28.2,58.6,0.0,3.2,1015.4
2025-02-06,Cotonou,27.7,74.0,0.0,2.2,1011.4
2025-02-06,Porto-Novo,25.5,78.1,0.0,2.8,1016.2
2025-02-06,Ouidah,27.9,80.4,0.0,2.8,1011.5
2025-02-06,Abomey-Calavi,27.3,78.2,0.0,1.7,1012.2
2025-02-06,Bohicon,27.7,74.5,0.0,2.9,1014.2
2025-02-06,Abomey,26.2,68.8,0.0,2.7,1011.1
2025-02-06,Parakou,25.0,63.4,0.1,2.9,1010.8
2025-02-06,Natitingou,26.8,58.7,0.2,4.4,1017.4
2025-02-06,Kandi,28.2,54.1,0.0,3.5,1014.6
2025-02-06,Malanville,29.0,43.4,0.0,2.5,1012.6
2025-02-07,Cotonou,29.2,80.5,0.0,3.5,1011.0
2025-02-07,Porto-Novo,26.7,73.0,0.0,2.4,1010.8
2025-02-07,Ouidah,28.2,87.3,0.0,2.8,1010.8
2025-02-07,Abomey-Calavi,28.1,78.8,0.0,2.2,1009.8
2025-02-07,Bohicon,24.4,68.9,0.0,2.2,1014.6
2025-02-07,Abomey,28.9,66.7,1.8,1.8,1013.7
2025-02-07,Parakou,26.4,64.4,1.7,2.6,1013.3
2025-02-07,Natitingou,25.2,53.7,0.0,2.6,1019.0
2025-02-07,Kandi,29.3,56.8,0.0,3.2,1010.9
2025-02-07,Malanville,28.0,57.9,0.0,2.7,1016.1
2025-02-08,Cotonou,29.1,86.4,0.0,2.9,1012.9
2025-02-08,Porto-Novo,30.3,76.4,0.0,2.2,1010.8
2025-02-08,Ouidah,23.8,82.0,0.0,2.3,1008.9
2025-02-08,Abomey-Calavi,27.2,83.4,0.5,3.5,1013.3
2025-02-08,Bohicon,26.1,68.3,0.0,1.3,1007.8
2025-02-08,Abomey,25.4,67.1,0.0,2.3,1014.3
2025-02-08,Parakou,28.5,72.2,0.5,2.9,1015.6
2025-02-08,Natitingou,24.4,52.6,0.0,2.8,1018.1
2025-02-08,Kandi,27.5,48.3,0.0,3.2,1012.7
2025-02-08,Malanville,29.1,51.4,0.0,3.3,1014.1
2025-02-09,Cotonou,29.4,80.5,0.0,2.6,1011.2
2025-02-09,Porto-Novo,29.2,76.3,0.0,2.1,1014.3
2025-02-09,Ouidah,26.9,84.6,0.0,2.5,1012.3
2025-02-09,Abomey-Calavi,29.4,77.9,0.0,3.2,1011.1
2025-02-09,Bohicon,25.5,73.9,0.0,2.9,1014.5
2025-02-09,Abomey,28.5,66.9,0.0,2.8,1014.9
2025-02-09,Parakou,24.7,70.0,0.0,2.1,1011.2
2025-02-09,Natitingou,25.2,67.8,0.0,1.8,1012.6
2025-02-09,Kandi,29.1,62.3,0.0,2.6,1011.6
2025-02-09,Malanville,30.4,48.4,0.0,3.1,1014.5
2025-02-10,Cotonou,29.8,70.5,0.0,3.0,1009.8
2025-02-10,Porto-Novo,28.2,76.4,0.0,3.6,1012.5
2025-02-10,Ouidah,26.2,86.4,0.0,2.3,1010.6
2025-02-10,Abomey-Calavi,27.7,78.5,0.0,3.5,1012.4
2025-02-10,Bohicon,26.5,84.0,2.3,1.6,1014.0
2025-02-10,Abomey,26.5,71.8,0.0,2.7,1009.3
2025-02-10,Parakou,26.3,62.9,0.0,3.4,1011.5
2025-02-10,Natitingou,26.4,62.0,0.0,2.3,1016.4
2025-02-10,Kandi,26.2,59.7,0.2,2.5,1013.9
2025-02-10,Malanville,29.7,51.6,0.0,1.8,1015.9
2025-02-11,Cotonou,25.4,76.4,1.6,2.9,1015.2
2025-02-11,Porto-Novo,25.5,77.8,2.0,3.5,1010.7
2025-02-11,Ouidah,30.8,83.7,0.0,3.8,1011.6
2025-02-11,Abomey-Calavi,27.9,70.4,0.0,3.0,1012.8
2025-02-11,Bohicon,27.3,79.8,0.0,3.1,1011.9
2025-02-11,Abomey,26.9,66.6,0.0,2.3,1010.7
2025-02-11,Parakou,27.2,63.1,0.0,3.0,1012.2
2025-02-11,Natitingou,25.8,46.0,0.0,2.4,1014.0
2025-02-11,Kandi,27.3,69.8,0.0,1.7,1018.2
2025-02-11,Malanville,27.0,54.5,0.0,3.8,1015.8
2025-02-12,Cotonou,28.6,72.7,4.2,3.9,1011.9
2025-02-12,Porto-Novo,26.5,79.6,0.0,2.8,1011.2
2025-02-12,Ouidah,28.5,83.4,0.0,3.2,1010.1
2025-02-12,Abomey-Calavi,27.5,82.8,2.2,2.4,1014.1
2025-02-12,Bohicon,26.8,75.0,0.4,2.9,1014.9
2025-02-12,Abomey,27.7,72.5,0.0,3.2,1014.2
2025-02-12,Parakou,25.3,66.0,1.3,3.2,1012.6
2025-02-12,Natitingou,24.9,61.6,0.0,2.7,1013.0
2025-02-12,Kandi,29.6,55.7,0.0,2.2,1015.8
2025-02-12,Malanville,26.4,53.9,0.0,2.9,1015.6
2025-02-13,Cotonou,27.7,75.0,0.0,4.6,1011.2
2025-02-13,Porto-Novo,29.9,72.6,0.0,2.8,1009.4
2025-02-13,Ouidah,29.5,79.2,0.0,3.1,1009.9
2025-02-13,Abomey-Calavi,27.0,75.5,0.0,1.9,1008.8
2025-02-13,Bohicon,27.7,66.3,0.0,2.8,1014.7
2025-02-13,Abomey,24.7,64.2,0.0,2.9,1013.4
2025-02-13,Parakou,28.8,61.2,0.5,2.8,1016.8
2025-02-13,Natitingou,24.4,49.6,0.0,2.0,1016.7
2025-02-13,Kandi,26.9,52.7,0.0,2.5,1012.9
2025-02-13,Malanville,27.9,50.2,0.0,2.8,1013.2
2025-02-14,Cotonou,26.7,80.2,0.0,1.2,1013.7
2025-02-14,Porto-Novo,27.9,73.0,0.0,2.7,1010.2
2025-02-14,Ouidah,27.0,74.3,0.0,3.6,1010.2
2025-02-14,Abomey-Calavi,28.0,80.3,0.0,2.7,1013.2
2025-02-14,Bohicon,27.0,72.6,0.0,2.4,1011.6
2025-02-14,Abomey,27.3,63.3,0.0,2.6,1012.6
2025-02-14,Parakou,25.6,60.2,4.4,2.0,1011.1
2025-02-14,Natitingou,27.6,70.3,0.0,2.6,1015.7
2025-02-14,Kandi,24.7,49.4,0.0,2.4,1014.8
2025-02-14,Malanville,28.1,46.9,0.6,2.7,1011.6
2025-02-15,Cotonou,29.4,82.2,0.0,4.1,1012.9
2025-02-15,Porto-Novo,28.1,81.1,0.0,2.5,1010.6
2025-02-15,Ouidah,28.0,84.9,0.0,2.2,1009.7
2025-02-15,Abomey-Calavi,26.9,73.9,0.0,2.3,1009.1
2025-02-15,Bohicon,25.5,68.7,0.0,2.0,1014.0
2025-02-15,Abomey,27.4,72.0,0.0,2.9,1012.3
2025-02-15,Parakou,25.3,60.5,0.0,2.9,1015.0
2025-02-15,Natitingou,27.4,55.4,0.0,1.4,1012.1
2025-02-15,Kandi,27.5,56.7,0.0,3.2,1015.9
2025-02-15,Malanville,29.5,53.6,0.0,3.0,1016.7
2025-02-16,Cotonou,27.7,72.2,0.0,3.0,1013.3
2025-02-16,Porto-Novo,26.5,79.9,0.0,2.9,1011.8
2025-02-16,Ouidah,28.8,77.8,0.0,2.8,1012.0
2025-02-16,Abomey-Calavi,25.7,75.5,1.8,3.0,1010.2
2025-02-16,Bohicon,27.4,68.5,0.0,0.6,1011.0
2025-02-16,Abomey,29.2,74.4,0.0,1.7,1021.2
2025-02-16,Parakou,25.6,64.2,0.0,0.6,1016.4
2025-02-16,Natitingou,25.7,54.2,0.0,1.8,1013.4
2025-02-16,Kandi,27.6,46.9,0.0,3.1,1015.1
2025-02-16,Malanville,29.2,52.5,0.0,2.8,1016.8
2025-02-17,Cotonou,27.1,86.7,0.0,2.8,1016.2
2025-02-17,Porto-Novo,30.0,78.0,7.1,2.5,1016.6
2025-02-17,Ouidah,27.7,87.7,0.0,3.9,1011.1
2025-02-17,Abomey-Calavi,25.5,78.2,0.0,1.6,1010.5
2025-02-17,Bohicon,26.8,65.0,0.0,3.0,1013.6
2025-02-17,Abomey,26.7,64.7,0.0,2.4,1009.5
2025-02-17,Parakou,29.4,62.5,0.0,2.7,1013.3
2025-02-17,Natitingou,23.3,50.5,0.0,2.7,1016.9
2025-02-17,Kandi,28.8,54.7,0.0,3.5,1013.4
2025-02-17,Malanville,31.7,47.2,0.0,3.8,1012.1
2025-02-18,Cotonou,28.2,78.9,1.8,2.6,1012.2
2025-02-18,Porto-Novo,28.9,74.4,3.6,2.7,1014.4
2025-02-18,Ouidah,29.3,86.9,0.0,4.3,1011.2
2025-02-18,Abomey-Calavi,27.2,70.1,6.3,2.3,1015.2
2025-02-18,Bohicon,27.5,76.8,0.0,3.4,1012.9
2025-02-18,Abomey,27.8,71.2,0.0,3.6,1013.3
2025-02-18,Parakou,28.6,49.0,0.0,2.9,1014.3
2025-02-18,Natitingou,23.9,63.0,0.6,3.7,1014.9
2025-02-18,Kandi,25.8,64.1,0.0,4.4,1013.6
2025-02-18,Malanville,29.1,47.4,0.0,2.4,1013.2
2025-02-19,Cotonou,27.6,73.0,0.0,3.6,1012.7
2025-02-19,Porto-Novo,28.3,78.6,0.0,1.9,1014.0
2025-02-19,Ouidah,27.6,83.0,3.8,2.1,1010.3
2025-02-19,Abomey-Calavi,28.5,69.9,0.0,2.4,1010.4
2025-02-19,Bohicon,25.7,68.8,0.0,2.5,1013.6
2025-02-19,Abomey,29.9,61.0,0.0,3.1,1014.8
2025-02-19,Parakou,25.5,59.0,0.0,4.3,1013.3
2025-02-19,Natitingou,27.5,64.8,0.0,1.7,1016.9
2025-02-19,Kandi,28.4,41.1,0.0,3.0,1014.0
2025-02-19,Malanville,29.1,51.9,1.4,2.2,1011.8
2025-02-20,Cotonou,28.2,78.7,0.0,2.7,1010.5
2025-02-20,Porto-Novo,27.2,76.2,5.2,2.1,1011.7
2025-02-20,Ouidah,26.1,73.3,0.0,3.9,1013.4
2025-02-20,Abomey-Calavi,27.8,67.7,4.4,3.1,1010.5
2025-02-20,Bohicon,26.6,68.9,0.3,2.5,1011.6
2025-02-20,Abomey,28.8,66.6,0.0,2.4,1011.7
2025-02-20,Parakou,28.7,68.6,0.0,3.6,1011.2
2025-02-20,Natitingou,28.2,59.0,0.0,3.4,1015.7
2025-02-20,Kandi,27.7,52.4,0.0,2.3,1015.8
2025-02-20,Malanville,28.0,48.4,0.0,3.7,1015.8
2025-02-21,Cotonou,28.0,75.7,0.0,4.3,1013.0
2025-02-21,Porto-Novo,28.1,83.9,0.0,3.7,1016.2
2025-02-21,Ouidah,29.0,75.3,0.0,2.9,1009.7
2025-02-21,Abomey-Calavi,27.6,81.9,0.0,2.7,1012.8
2025-02-21,Bohicon,26.3,73.5,0.0,3.1,1016.4
2025-02-21,Abomey,30.7,66.8,0.8,2.6,1011.7
2025-02-21,Parakou,28.6,65.6,0.0,2.7,1012.6
2025-02-21,Natitingou,27.6,50.7,0.0,2.6,1014.5
2025-02-21,Kandi,27.3,60.1,0.0,2.1,1016.1
2025-02-21,Malanville,29.3,50.7,0.0,3.6,1017.9
2025-02-22,Cotonou,25.8,86.5,0.0,3.0,1011.7
2025-02-22,Porto-Novo,27.4,74.5,0.0,2.7,1019.1
2025-02-22,Ouidah,29.7,79.6,0.0,2.6,1014.1
2025-02-22,Abomey-Calavi,27.2,75.7,0.0,2.1,1012.8
2025-02-22,Bohicon,27.8,75.3,4.8,0.9,1015.1
2025-02-22,Abomey,27.3,72.0,0.0,2.8,1009.8
2025-02-22,Parakou,26.9,57.8,0.0,3.1,1014.3
2025-02-22,Natitingou,26.1,50.6,0.0,2.8,1016.4
2025-02-22,Kandi,26.8,56.6,0.0,3.0,1015.6
2025-02-22,Malanville,29.2,52.7,0.0,2.5,1010.2
2025-02-23,Cotonou,28.1,77.7,0.0,2.9,1012.6
2025-02-23,Porto-Novo,28.1,82.7,0.0,2.6,1010.5
2025-02-23,Ouidah,28.3,80.0,0.0,1.8,1013.1
2025-02-23,Abomey-Calavi,28.3,82.6,0.0,2.8,1012.1
2025-02-23,Bohicon,29.4,56.6,2.6,2.0,1011.0
2025-02-23,Abomey,25.8,67.5,6.1,3.1,1011.6
2025-02-23,Parakou,29.2,69.9,0.0,2.6,1014.1
2025-02-23,Natitingou,25.0,57.8,0.0,2.7,1012.3
2025-02-23,Kandi,30.4,54.4,0.0,2.9,1015.2
2025-02-23,Malanville,28.7,60.2,0.7,2.6,1011.6
2025-02-24,Cotonou,29.2,82.7,3.4,3.6,1010.0
2025-02-24,Porto-Novo,26.4,71.3,0.0,4.0,1011.8
2025-02-24,Ouidah,26.9,84.8,0.0,3.6,1010.6
2025-02-24,Abomey-Calavi,27.6,79.0,0.0,3.0,1016.4
2025-02-24,Bohicon,27.6,67.2,0.0,1.4,1012.1
2025-02-24,Abomey,31.1,67.9,1.2,2.0,1013.6
2025-02-24,Parakou,26.9,65.4,0.0,2.7,1014.2
2025-02-24,Natitingou,24.6,62.1,0.0,1.3,1010.9
2025-02-24,Kandi,26.9,49.3,0.1,3.7,1012.8
2025-02-24,Malanville,28.5,48.7,0.0,3.6,1012.2
2025-02-25,Cotonou,27.7,84.2,2.9,3.5,1016.6
2025-02-25,Porto-Novo,28.2,78.6,0.0,3.2,1015.7
2025-02-25,Ouidah,26.7,79.3,0.0,3.0,1015.2
2025-02-25,Abomey-Calavi,27.1,82.5,0.0,1.6,1008.2
2025-02-25,Bohicon,29.9,67.0,0.0,2.8,1013.6
2025-02-25,Abomey,28.0,76.2,0.0,2.1,1012.1
2025-02-25,Parakou,26.4,69.4,0.0,2.5,1013.9
2025-02-25,Natitingou,24.9,54.2,0.0,2.2,1013.8
2025-02-25,Kandi,27.7,51.2,0.0,1.1,1008.2
2025-02-25,Malanville,32.2,51.1,0.0,3.0,1019.0
2025-02-26,Cotonou,26.6,79.9,0.0,3.9,1014.0
2025-02-26,Porto-Novo,30.0,78.8,6.6,3.4,1013.8
2025-02-26,Ouidah,27.1,79.3,4.7,2.9,1012.0
2025-02-26,Abomey-Calavi,26.7,82.0,0.0,3.3,1010.1
2025-02-26,Bohicon,26.3,73.0,0.2,2.8,1012.2
2025-02-26,Abomey,26.6,76.4,0.0,3.1,1010.6
2025-02-26,Parakou,30.3,64.4,0.0,2.9,1013.2
2025-02-26,Natitingou,24.1,58.5,0.0,2.2,1012.3
2025-02-26,Kandi,27.3,64.4,0.0,3.1,1014.7
2025-02-26,Malanville,28.8,52.4,0.0,3.3,1012.8
2025-02-27,Cotonou,26.3,78.1,0.0,2.5,1011.7
2025-02-27,Porto-Novo,28.6,69.0,1.1,2.3,1012.8
2025-02-27,Ouidah,27.1,73.8,4.3,3.0,1015.6
2025-02-27,Abomey-Calavi,29.7,74.8,0.0,3.4,1011.3
2025-02-27,Bohicon,27.1,65.5,0.0,2.5,1011.1
2025-02-27,Abomey,28.5,67.1,0.0,3.3,1012.8
2025-02-27,Parakou,27.7,61.7,0.3,0.9,1012.0
2025-02-27,Natitingou,24.4,53.2,0.0,2.7,1012.1
2025-02-27,Kandi,25.7,50.4,0.0,3.4,1012.0
2025-02-27,Malanville,32.1,54.7,0.0,1.5,1013.8
2025-02-28,Cotonou,29.1,71.3,0.0,3.9,1014.2
2025-02-28,Porto-Novo,30.1,90.3,0.0,2.9,1010.9
2025-02-28,Ouidah,24.4,86.4,0.0,3.9,1011.8
2025-02-28,Abomey-Calavi,29.0,73.2,0.0,2.9,1011.3
2025-02-28,Bohicon,26.6,71.7,0.0,2.5,1015.1
2025-02-28,Abomey,29.2,61.2,0.0,1.8,1012.5
2025-02-28,Parakou,26.5,62.9,0.0,2.8,1008.3
2025-02-28,Natitingou,27.5,53.6,1.1,3.3,1012.3
2025-02-28,Kandi,29.2,45.7,1.5,3.4,1016.0
2025-02-28,Malanville,29.3,48.2,0.0,2.8,1015.3
2025-03-01,Cotonou,28.4,67.1,0.0,4.3,1012.1
2025-03-01,Porto-Novo,27.9,81.2,0.0,2.7,1011.0
2025-03-01,Ouidah,28.7,77.4,0.0,1.7,1013.3
2025-03-01,Abomey-Calavi,28.3,81.5,0.0,2.9,1013.1
2025-03-01,Bohicon,28.7,61.0,0.0,3.5,1009.6
2025-03-01,Abomey,26.6,67.1,0.0,2.1,1012.8
2025-03-01,Parakou,29.0,53.1,2.9,4.0,1013.4
2025-03-01,Natitingou,27.5,63.2,0.0,1.9,1015.3
2025-03-01,Kandi,27.0,50.7,1.0,2.5,1012.9
2025-03-01,Malanville,30.7,44.6,0.0,3.8,1017.8
2025-03-02,Cotonou,28.5,70.6,0.0,2.7,1012.5
2025-03-02,Porto-Novo,25.0,71.6,0.0,2.2,1009.3
2025-03-02,Ouidah,28.0,84.4,3.7,1.7,1014.5
2025-03-02,Abomey-Calavi,27.4,75.8,0.0,2.7,1012.3
2025-03-02,Bohicon,26.6,75.3,0.0,2.4,1011.2
2025-03-02,Abomey,28.4,67.2,0.0,3.3,1013.8
2025-03-02,Parakou,26.0,66.1,0.0,3.2,1014.6
2025-03-02,Natitingou,24.9,52.2,0.0,1.7,1014.7
2025-03-02,Kandi,28.8,59.4,0.0,2.7,1013.4
2025-03-02,Malanville,31.7,52.6,0.8,4.0,1011.5
2025-03-03,Cotonou,29.1,71.8,0.0,2.5,1008.4
2025-03-03,Porto-Novo,25.6,62.9,0.0,2.2,1013.0
2025-03-03,Ouidah,30.4,80.9,0.0,3.3,1015.1
2025-03-03,Abomey-Calavi,28.8,82.3,0.0,3.6,1009.9
2025-03-03,Bohicon,25.0,67.7,0.0,2.9,1011.6
2025-03-03,Abomey,28.1,68.7,0.0,2.9,1009.3
2025-03-03,Parakou,28.2,68.1,0.0,3.3,1014.5
2025-03-03,Natitingou,26.0,51.9,0.0,2.2,1015.6
2025-03-03,Kandi,27.8,61.6,0.0,3.4,1011.4
2025-03-03,Malanville,30.0,48.5,0.0,1.6,1013.8
2025-03-04,Cotonou,27.7,80.9,4.0,2.7,1009.2
2025-03-04,Porto-Novo,29.3,81.7,0.0,2.4,1011.0
2025-03-04,Ouidah,25.9,72.0,3.2,3.5,1011.8
2025-03-04,Abomey-Calavi,28.6,73.0,0.0,1.5,1011.9
2025-03-04,Bohicon,29.4,71.7,0.0,1.1,1015.8
2025-03-04,Abomey,27.3,68.0,1.8,2.6,1013.5
2025-03-04,Parakou,26.6,58.0,0.0,1.8,1012.7
2025-03-04,Natitingou,24.8,59.5,0.0,2.9,1016.1
2025-03-04,Kandi,30.8,50.8,0.0,3.4,1011.9
2025-03-04,Malanville,28.8,61.6,0.0,1.5,1015.5
2025-03-05,Cotonou,27.8,82.6,0.0,4.6,1010.2
2025-03-05,Porto-Novo,29.0,76.6,0.0,2.5,1010.7
2025-03-05,Ouidah,27.8,74.1,6.7,2.9,1014.5
2025-03-05,Abomey-Calavi,32.9,80.8,0.0,2.6,1011.3
2025-03-05,Bohicon,27.2,63.2,0.0,1.9,1011.8
2025-03-05,Abomey,28.8,73.3,0.0,2.2,1015.8
2025-03-05,Parakou,26.8,57.6,0.0,3.6,1016.5
2025-03-05,Natitingou,27.8,60.9,2.2,2.6,1014.6
2025-03-05,Kandi,29.6,48.7,0.0,2.8,1013.4
2025-03-05,Malanville,30.0,45.6,0.0,3.0,1013.7
2025-03-06,Cotonou,28.7,72.7,0.0,1.7,1010.9
2025-03-06,Porto-Novo,27.7,81.9,0.0,3.3,1013.2
2025-03-06,Ouidah,28.9,80.6,0.0,5.0,1010.7
2025-03-06,Abomey-Calavi,28.8,76.5,0.0,2.9,1012.2
2025-03-06,Bohicon,26.7,67.7,0.0,2.3,1016.6
2025-03-06,Abomey,28.4,65.3,0.0,2.2,1009.9
2025-03-06,Parakou,28.2,62.5,0.0,2.5,1014.2
2025-03-06,Natitingou,27.4,59.7,0.0,2.3,1016.3
2025-03-06,Kandi,26.6,46.6,0.3,4.4,1015.4
2025-03-06,Malanville,30.4,53.2,0.0,3.4,1010.6
2025-03-07,Cotonou,29.2,82.2,0.0,4.1,1012.1
2025-03-07,Porto-Novo,30.4,65.3,4.2,2.7,1013.4
2025-03-07,Ouidah,28.6,75.7,0.0,3.9,1012.0
2025-03-07,Abomey-Calavi,26.8,63.1,0.0,2.0,1010.2
2025-03-07,Bohicon,29.3,67.1,0.0,2.3,1012.5
2025-03-07,Abomey,28.9,64.6,0.0,1.9,1006.6
2025-03-07,Parakou,25.9,67.5,2.8,3.6,1009.7
2025-03-07,Natitingou,27.6,58.4,0.0,2.6,1013.9
2025-03-07,Kandi,29.0,58.8,0.0,2.9,1015.9
2025-03-07,Malanville,30.1,43.6,0.0,2.7,1014.1
2025-03-08,Cotonou,26.6,77.8,1.1,3.5,1014.0
2025-03-08,Porto-Novo,29.5,73.5,0.0,2.4,1012.6
2025-03-08,Ouidah,30.4,83.2,2.5,2.1,1012.5
2025-03-08,Abomey-Calavi,27.5,71.8,0.0,2.7,1010.5
2025-03-08,Bohicon,27.9,64.1,0.0,3.5,1007.5
2025-03-08,Abomey,27.2,72.5,0.0,2.9,1013.0
2025-03-08,Parakou,28.9,66.8,0.0,3.5,1015.1
2025-03-08,Natitingou,27.4,66.3,0.0,1.3,1015.0
2025-03-08,Kandi,28.5,49.3,0.0,4.0,1011.6
2025-03-08,Malanville,27.6,44.1,0.0,2.1,1009.1
2025-03-09,Cotonou,29.8,82.0,0.0,4.6,1013.0
2025-03-09,Porto-Novo,29.3,71.7,0.0,3.2,1011.1
2025-03-09,Ouidah,26.4,74.7,1.1,3.5,1009.5
2025-03-09,Abomey-Calavi,28.7,86.6,0.0,2.5,1010.7
2025-03-09,Bohicon,31.5,73.0,2.0,2.3,1009.0
2025-03-09,Abomey,27.0,74.0,0.0,2.1,1007.6
2025-03-09,Parakou,26.9,58.1,0.0,2.6,1015.2
2025-03-09,Natitingou,24.3,43.1,0.0,3.2,1013.3
2025-03-09,Kandi,28.3,47.4,0.8,3.5,1012.3
2025-03-09,Malanville,28.4,48.4,0.0,1.7,1015.9
2025-03-10,Cotonou,26.6,76.4,3.3,3.4,1014.9
2025-03-10,Porto-Novo,29.1,80.0,6.0,1.9,1011.7
2025-03-10,Ouidah,28.1,79.4,0.0,2.6,1011.3
2025-03-10,Abomey-Calavi,25.9,75.2,0.8,2.9,1009.8
2025-03-10,Bohicon,26.3,57.7,0.0,4.5,1010.8
2025-03-10,Abomey,27.0,72.3,2.3,3.5,1015.5
2025-03-10,Parakou,25.6,67.1,0.0,2.2,1013.3
2025-03-10,Natitingou,24.5,48.6,0.0,1.7,1013.5
2025-03-10,Kandi,29.6,50.1,1.0,2.3,1015.0
2025-03-10,Malanville,29.0,47.6,0.0,3.0,1015.6
2025-03-11,Cotonou,28.5,74.6,3.1,3.2,1009.0
2025-03-11,Porto-Novo,27.2,69.9,0.0,2.9,1012.1
2025-03-11,Ouidah,27.3,79.0,5.5,2.2,1013.0
2025-03-11,Abomey-Calavi,29.6,77.3,2.0,3.3,1011.5
2025-03-11,Bohicon,26.2,76.7,0.0,2.6,1015.7
2025-03-11,Abomey,27.9,56.2,0.0,3.0,1008.6
2025-03-11,Parakou,25.1,58.6,0.0,2.2,1015.2
2025-03-11,Natitingou,25.8,51.4,0.0,2.3,1014.8
2025-03-11,Kandi,27.5,53.1,0.6,3.1,1015.9
2025-03-11,Malanville,30.6,47.4,0.0,3.0,1013.5
2025-03-12,Cotonou,30.7,80.3,0.0,3.5,1009.6
2025-03-12,Porto-Novo,30.0,80.0,0.0,4.0,1011.1
2025-03-12,Ouidah,26.5,68.8,0.0,3.4,1013.6
2025-03-12,Abomey-Calavi,28.5,77.1,4.2,1.9,1011.7
2025-03-12,Bohicon,29.1,61.9,0.0,3.3,1015.6
2025-03-12,Abomey,28.0,59.3,0.0,2.3,1012.7
2025-03-12,Parakou,25.7,59.7,0.0,2.5,1016.2
2025-03-12,Natitingou,27.8,54.6,0.0,2.7,1011.8
2025-03-12,Kandi,29.3,48.3,0.0,2.2,1014.8
2025-03-12,Malanville,30.8,50.1,0.0,2.2,1015.6
2025-03-13,Cotonou,30.5,84.8,0.0,2.4,1007.6
2025-03-13,Porto-Novo,31.1,70.2,2.3,2.1,1010.1
2025-03-13,Ouidah,29.6,76.8,0.0,3.5,1010.4
2025-03-13,Abomey-Calavi,27.1,78.9,0.0,3.0,1012.8
2025-03-13,Bohicon,28.5,64.3,4.1,1.3,1018.8
2025-03-13,Abomey,26.0,60.0,0.0,2.7,1013.5
2025-03-13,Parakou,27.9,59.3,0.0,1.9,1015.4
2025-03-13,Natitingou,27.8,60.8,0.0,3.0,1012.9
2025-03-13,Kandi,30.2,48.0,0.0,2.4,1011.4
2025-03-13,Malanville,29.3,46.0,3.4,3.2,1017.1
2025-03-14,Cotonou,26.4,80.8,3.1,1.6,1010.1
2025-03-14,Porto-Novo,29.6,73.1,0.0,2.7,1014.0
2025-03-14,Ouidah,26.2,82.0,7.4,3.2,1011.9
2025-03-14,Abomey-Calavi,30.5,75.8,1.4,2.4,1013.7
2025-03-14,Bohicon,27.0,49.5,0.0,1.9,1012.7
2025-03-14,Abomey,26.5,67.5,0.0,3.7,1011.9
2025-03-14,Parakou,29.1,55.1,0.0,2.7,1010.9
2025-03-14,Natitingou,24.0,57.5,0.5,2.0,1014.3
2025-03-14,Kandi,30.8,48.8,0.0,2.8,1010.8
2025-03-14,Malanville,29.2,50.8,0.0,3.7,1014.3
2025-03-15,Cotonou,29.8,77.9,0.0,2.5,1013.2
2025-03-15,Porto-Novo,28.2,76.4,0.0,2.3,1014.7
2025-03-15,Ouidah,26.0,76.7,0.0,2.9,1014.3
2025-03-15,Abomey-Calavi,29.8,81.4,0.0,2.0,1008.0
2025-03-15,Bohicon,26.7,66.5,0.0,2.0,1012.1
2025-03-15,Abomey,29.0,61.7,0.0,1.9,1010.9
2025-03-15,Parakou,28.2,62.3,1.5,2.4,1010.8
2025-03-15,Natitingou,28.1,57.6,0.0,2.8,1013.3
2025-03-15,Kandi,27.3,47.6,2.0,3.0,1013.4
2025-03-15,Malanville,29.1,46.7,0.0,3.9,1014.2
2025-03-16,Cotonou,29.9,78.2,10.0,2.8,1014.8
2025-03-16,Porto-Novo,28.9,73.7,1.8,4.2,1011.4
2025-03-16,Ouidah,29.9,86.2,0.0,3.3,1007.6
2025-03-16,Abomey-Calavi,29.7,81.6,3.0,2.1,1010.0
2025-03-16,Bohicon,27.5,65.1,3.5,1.9,1012.2
2025-03-16,Abomey,28.3,67.7,0.0,2.4,1012.1
2025-03-16,Parakou,28.0,54.1,1.4,2.8,1015.3
2025-03-16,Natitingou,23.8,56.0,0.0,1.4,1013.3
2025-03-16,Kandi,29.2,47.3,0.0,2.7,1013.8
2025-03-16,Malanville,28.6,40.9,0.0,2.4,1013.2
2025-03-17,Cotonou,28.3,80.6,7.6,2.7,1015.7
2025-03-17,Porto-Novo,28.0,77.6,0.0,3.1,1008.8
2025-03-17,Ouidah,28.7,78.2,0.0,2.7,1009.7
2025-03-17,Abomey-Calavi,28.4,77.0,0.0,2.7,1015.7
2025-03-17,Bohicon,26.9,69.0,0.0,2.1,1008.9
2025-03-17,Abomey,25.8,70.3,0.0,1.9,1014.5
2025-03-17,Parakou,27.7,64.1,0.0,2.4,1009.6
2025-03-17,Natitingou,27.7,49.0,0.0,1.4,1014.9
2025-03-17,Kandi,29.4,53.7,0.0,2.4,1015.6
2025-03-17,Malanville,29.2,40.4,1.9,3.0,1016.5
2025-03-18,Cotonou,31.5,75.0,4.5,3.7,1011.8
2025-03-18,Porto-Novo,30.7,75.0,0.0,2.6,1008.7
2025-03-18,Ouidah,31.1,74.6,0.0,2.5,1012.0
2025-03-18,Abomey-Calavi,27.5,67.2,9.3,2.9,1011.5
2025-03-18,Bohicon,29.0,70.3,3.3,3.9,1012.2
2025-03-18,Abomey,27.1,69.7,0.0,1.4,1012.0
2025-03-18,Parakou,28.3,60.6,0.0,3.5,1008.8
2025-03-18,Natitingou,24.4,65.2,0.0,2.1,1012.8
2025-03-18,Kandi,30.6,47.9,0.0,2.6,1013.8
2025-03-18,Malanville,31.0,49.5,0.0,3.6,1008.2
2025-03-19,Cotonou,30.8,70.2,0.0,2.4,1005.9
2025-03-19,Porto-Novo,26.6,72.3,0.0,3.6,1010.9
2025-03-19,Ouidah,26.9,79.2,5.0,3.1,1014.7
2025-03-19,Abomey-Calavi,28.9,75.2,0.0,3.3,1011.0
2025-03-19,Bohicon,28.1,68.5,1.6,2.8,1011.4
2025-03-19,Abomey,29.4,63.2,0.0,3.0,1011.4
2025-03-19,Parakou,29.8,57.1,0.0,2.3,1013.0
2025-03-19,Natitingou,26.2,44.5,2.6,3.0,1014.3
2025-03-19,Kandi,29.5,57.2,0.0,2.3,1010.4
2025-03-19,Malanville,28.4,46.2,0.0,3.0,1011.6
2025-03-20,Cotonou,27.9,87.1,0.0,2.9,1004.9
2025-03-20,Porto-Novo,29.0,79.0,2.7,4.0,1012.8
2025-03-20,Ouidah,27.0,78.4,0.0,2.1,1013.5
2025-03-20,Abomey-Calavi,30.7,86.7,0.0,1.7,1012.1
2025-03-20,Bohicon,29.2,66.8,0.0,2.2,1014.9
2025-03-20,Abomey,27.9,71.8,0.6,2.7,1010.9
2025-03-20,Parakou,27.8,58.0,0.0,2.1,1012.7
2025-03-20,Natitingou,27.4,59.0,0.0,3.1,1015.1
2025-03-20,Kandi,29.6,51.0,0.0,3.6,1016.6
2025-03-20,Malanville,32.8,52.9,5.3,4.4,1013.3
2025-03-21,Cotonou,26.8,75.6,0.0,2.8,1013.9
2025-03-21,Porto-Novo,27.5,73.3,0.0,4.0,1013.0
2025-03-21,Ouidah,26.8,78.5,0.0,2.6,1013.2
2025-03-21,Abomey-Calavi,26.0,70.1,5.7,2.8,1012.7
2025-03-21,Bohicon,28.0,60.0,1.6,2.0,1014.8
2025-03-21,Abomey,25.7,66.1,0.0,2.1,1013.6
2025-03-21,Parakou,27.3,57.4,3.3,2.2,1009.1
2025-03-21,Natitingou,25.3,57.1,0.0,2.6,1012.9
2025-03-21,Kandi,30.1,49.6,0.0,3.8,1009.1
2025-03-21,Malanville,31.0,43.1,0.0,3.8,1012.2
2025-03-22,Cotonou,29.5,84.3,0.0,3.2,1014.3
2025-03-22,Porto-Novo,28.1,78.0,5.1,3.5,1009.5
2025-03-22,Ouidah,30.1,78.2,0.0,3.4,1012.2
2025-03-22,Abomey-Calavi,30.2,80.4,0.0,2.6,1012.8
2025-03-22,Bohicon,27.8,73.2,3.4,2.5,1013.4
2025-03-22,Abomey,27.1,51.9,0.0,2.8,1012.0
2025-03-22,Parakou,29.3,66.9,2.0,2.1,1010.7
2025-03-22,Natitingou,25.0,52.0,0.0,2.2,1015.6
2025-03-22,Kandi,26.6,48.1,0.0,2.5,1014.4
2025-03-22,Malanville,30.0,47.4,0.0,3.4,1011.7
2025-03-23,Cotonou,28.9,76.4,0.0,3.8,1010.3
2025-03-23,Porto-Novo,30.4,75.6,4.2,2.9,1009.0
2025-03-23,Ouidah,29.7,74.9,0.0,3.2,1009.7
2025-03-23,Abomey-Calavi,29.9,73.8,8.6,3.8,1009.1
2025-03-23,Bohicon,27.8,62.5,0.0,2.9,1010.0
2025-03-23,Abomey,28.6,62.7,0.0,1.9,1010.0
2025-03-23,Parakou,27.6,66.2,3.4,2.8,1013.3
2025-03-23,Natitingou,27.2,53.3,0.0,3.5,1013.8
2025-03-23,Kandi,29.9,45.7,0.0,2.9,1015.5
2025-03-23,Malanville,25.4,38.6,0.0,3.3,1016.3
2025-03-24,Cotonou,26.2,84.3,7.2,3.5,1015.1
2025-03-24,Porto-Novo,30.0,66.6,4.5,2.3,1008.1
2025-03-24,Ouidah,29.6,82.6,0.0,3.1,1005.1
2025-03-24,Abomey-Calavi,28.6,66.7,5.0,2.6,1010.8
2025-03-24,Bohicon,29.9,63.8,2.2,2.3,1013.1
2025-03-24,Abomey,27.4,70.5,0.0,3.2,1013.2
2025-03-24,Parakou,28.9,65.6,6.5,2.9,1010.5
2025-03-24,Natitingou,25.5,51.4,2.9,2.7,1020.4
2025-03-24,Kandi,27.1,48.9,0.0,2.7,1012.0
2025-03-24,Malanville,27.7,49.7,0.0,3.4,1014.2
2025-03-25,Cotonou,26.8,77.9,1.7,2.8,1012.0
2025-03-25,Porto-Novo,30.2,71.7,0.0,2.5,1014.7
2025-03-25,Ouidah,29.2,80.1,4.1,2.4,1013.7
2025-03-25,Abomey-Calavi,28.2,76.7,5.0,2.7,1011.3
2025-03-25,Bohicon,27.4,62.4,12.3,2.8,1012.4
2025-03-25,Abomey,30.4,61.7,0.0,1.8,1009.8
2025-03-25,Parakou,27.7,52.5,0.0,2.4,1012.2
2025-03-25,Natitingou,26.1,52.2,0.0,2.4,1016.7
2025-03-25,Kandi,31.2,51.8,5.0,3.4,1010.3
2025-03-25,Malanville,28.0,45.8,0.0,2.4,1015.5
2025-03-26,Cotonou,32.1,81.0,0.3,3.1,1011.3
2025-03-26,Porto-Novo,28.5,64.0,0.0,2.3,1009.0
2025-03-26,Ouidah,30.5,78.8,2.3,2.4,1016.3
2025-03-26,Abomey-Calavi,29.8,73.4,0.0,2.3,1010.9
2025-03-26,Bohicon,27.3,65.4,0.0,3.2,1015.4
2025-03-26,Abomey,27.6,66.2,0.0,2.1,1014.2
2025-03-26,Parakou,26.5,50.1,3.9,3.4,1017.2
2025-03-26,Natitingou,30.9,49.6,0.0,2.7,1015.5
2025-03-26,Kandi,29.1,44.1,0.0,3.7,1012.6
2025-03-26,Malanville,28.2,43.8,0.0,2.9,1014.8
2025-03-27,Cotonou,28.7,81.2,0.0,2.9,1010.1
2025-03-27,Porto-Novo,25.0,69.9,0.0,2.4,1010.8
2025-03-27,Ouidah,30.0,78.6,17.2,2.7,1009.6
2025-03-27,Abomey-Calavi,27.5,71.8,0.0,2.9,1011.7
2025-03-27,Bohicon,27.9,68.1,0.0,2.2,1011.3
2025-03-27,Abomey,28.4,62.9,0.0,3.5,1010.5
2025-03-27,Parakou,27.6,50.2,4.9,1.8,1015.3
2025-03-27,Natitingou,25.6,51.4,0.0,3.5,1014.2
2025-03-27,Kandi,29.4,50.5,0.0,2.2,1009.2
2025-03-27,Malanville,31.6,49.4,0.0,2.7,1013.0
2025-03-28,Cotonou,29.1,76.7,1.9,2.7,1010.7
2025-03-28,Porto-Novo,28.0,74.8,4.1,2.2,1009.2
2025-03-28,Ouidah,28.0,77.6,0.0,3.5,1011.9
2025-03-28,Abomey-Calavi,29.6,72.4,0.0,2.7,1013.4
2025-03-28,Bohicon,29.2,66.2,2.1,1.6,1012.3
2025-03-28,Abomey,28.8,71.4,0.0,2.6,1013.1
2025-03-28,Parakou,28.2,54.5,0.0,3.6,1014.6
2025-03-28,Natitingou,25.5,56.0,0.0,2.3,1013.3
2025-03-28,Kandi,27.8,63.8,0.0,3.6,1012.9
2025-03-28,Malanville,30.4,48.0,0.0,3.3,1015.3
2025-03-29,Cotonou,29.3,66.0,9.3,3.1,1010.7
2025-03-29,Porto-Novo,28.8,72.5,0.0,3.3,1011.5
2025-03-29,Ouidah,28.0,76.0,0.0,2.9,1013.8
2025-03-29,Abomey-Calavi,29.1,71.0,0.0,3.7,1011.5
2025-03-29,Bohicon,28.2,64.5,2.5,3.9,1015.1
2025-03-29,Abomey,28.9,69.7,3.5,1.8,1008.5
2025-03-29,Parakou,30.8,60.0,0.0,2.8,1015.0
2025-03-29,Natitingou,27.3,53.4,0.0,3.0,1011.5
2025-03-29,Kandi,29.9,55.2,0.0,3.0,1012.8
2025-03-29,Malanville,30.2,52.9,0.0,2.7,1014.0
2025-03-30,Cotonou,28.5,79.5,0.0,3.2,1017.1
2025-03-30,Porto-Novo,26.5,74.6,0.0,3.9,1008.1
2025-03-30,Ouidah,29.1,75.5,0.0,2.9,1012.5
2025-03-30,Abomey-Calavi,30.9,69.3,0.5,4.0,1010.0
2025-03-30,Bohicon,27.7,65.8,0.0,3.1,1013.7
2025-03-30,Abomey,27.6,61.4,2.9,3.0,1008.0
2025-03-30,Parakou,27.2,66.0,0.0,4.3,1018.3
2025-03-30,Natitingou,27.5,53.2,0.0,3.0,1012.6
2025-03-30,Kandi,26.0,45.4,1.1,4.2,1013.4
2025-03-30,Malanville,27.4,42.3,0.0,3.4,1017.5
2025-03-31,Cotonou,28.1,79.2,0.0,2.8,1012.1
2025-03-31,Porto-Novo,29.6,75.1,1.1,2.9,1012.9
2025-03-31,Ouidah,28.5,72.2,0.0,2.1,1011.6
2025-03-31,Abomey-Calavi,27.5,68.8,7.9,2.1,1011.3
2025-03-31,Bohicon,28.8,65.7,3.1,2.5,1005.4
2025-03-31,Abomey,28.3,62.7,0.0,4.0,1011.8
2025-03-31,Parakou,26.8,58.9,0.0,2.8,1015.0
2025-03-31,Natitingou,29.0,55.7,0.0,2.1,1016.3
2025-03-31,Kandi,29.2,42.9,0.0,3.7,1010.3
2025-03-31,Malanville,28.7,45.9,0.0,5.3,1015.1
2025-04-01,Cotonou,27.9,74.9,0.0,2.3,1010.0
2025-04-01,Porto-Novo,28.8,73.4,2.5,3.2,1009.0
2025-04-01,Ouidah,29.3,75.2,0.0,2.8,1013.8
2025-04-01,Abomey-Calavi,31.3,65.9,6.8,3.7,1009.8
2025-04-01,Bohicon,29.4,69.4,0.0,3.1,1014.6
2025-04-01,Abomey,28.1,61.3,0.0,2.5,1015.6
2025-04-01,Parakou,30.2,53.6,0.0,3.0,1013.5
2025-04-01,Natitingou,25.5,55.0,0.0,1.5,1016.1
2025-04-01,Kandi,25.9,48.6,0.0,2.0,1015.5
2025-04-01,Malanville,31.8,43.1,0.0,3.9,1016.8
2025-04-02,Cotonou,30.3,82.6,3.0,4.2,1010.2
2025-04-02,Porto-Novo,28.6,76.7,0.0,3.2,1011.2
2025-04-02,Ouidah,30.6,80.3,1.9,3.0,1014.1
2025-04-02,Abomey-Calavi,27.9,74.2,2.7,2.4,1009.0
2025-04-02,Bohicon,27.3,66.2,2.9,4.0,1012.9
2025-04-02,Abomey,27.0,56.2,4.5,2.4,1013.6
2025-04-02,Parakou,30.0,52.6,0.0,2.1,1013.1
2025-04-02,Natitingou,26.0,47.1,0.0,2.7,1015.0
2025-04-02,Kandi,30.0,46.1,4.5,2.3,1012.4
2025-04-02,Malanville,31.7,52.2,0.0,2.2,1012.7
2025-04-03,Cotonou,28.7,68.9,4.6,2.1,1007.6
2025-04-03,Porto-Novo,29.3,87.8,1.5,2.5,1013.7
2025-04-03,Ouidah,30.3,76.2,1.7,2.6,1009.8
2025-04-03,Abomey-Calavi,29.4,67.3,0.0,2.1,1011.5
2025-04-03,Bohicon,28.5,63.6,0.0,2.4,1014.4
2025-04-03,Abomey,23.4,60.5,0.0,2.9,1011.9
2025-04-03,Parakou,28.0,59.6,0.0,3.3,1011.8
2025-04-03,Natitingou,28.4,53.1,0.0,2.5,1011.5
2025-04-03,Kandi,31.2,48.5,2.3,2.3,1015.7
2025-04-03,Malanville,32.5,41.9,0.0,2.1,1013.5
2025-04-04,Cotonou,30.7,71.4,6.6,2.3,1011.9
2025-04-04,Porto-Novo,28.1,73.6,0.0,2.2,1012.1
2025-04-04,Ouidah,31.1,79.5,5.1,3.1,1008.2
2025-04-04,Abomey-Calavi,27.4,68.8,0.0,2.4,1013.4
2025-04-04,Bohicon,26.8,64.1,1.7,2.1,1012.0
2025-04-04,Abomey,25.1,67.9,3.2,2.9,1013.0
2025-04-04,Parakou,25.1,57.2,0.0,2.8,1011.3
2025-04-04,Natitingou,26.8,60.5,0.0,1.9,1013.6
2025-04-04,Kandi,28.6,55.7,0.0,1.9,1012.4
2025-04-04,Malanville,29.7,45.4,0.0,2.3,1012.9
2025-04-05,Cotonou,29.3,82.2,0.0,2.6,1013.0
2025-04-05,Porto-Novo,30.0,80.0,0.0,3.1,1010.1
2025-04-05,Ouidah,30.8,72.2,20.4,2.8,1013.0
2025-04-05,Abomey-Calavi,28.7,74.1,4.9,2.9,1009.5
2025-04-05,Bohicon,28.5,62.6,6.9,2.5,1013.5
2025-04-05,Abomey,30.1,67.2,0.0,2.2,1012.5
2025-04-05,Parakou,26.1,59.6,7.0,3.0,1010.3
2025-04-05,Natitingou,25.8,57.2,0.0,1.5,1011.9
2025-04-05,Kandi,31.8,47.5,0.0,1.8,1016.6
2025-04-05,Malanville,30.0,43.6,0.0,3.1,1015.3
2025-04-06,Cotonou,28.6,67.9,0.0,3.3,1009.3
2025-04-06,Porto-Novo,29.4,75.8,0.0,4.2,1013.1
2025-04-06,Ouidah,28.4,73.9,0.0,2.0,1012.9
2025-04-06,Abomey-Calavi,28.3,78.7,6.1,3.3,1014.3
2025-04-06,Bohicon,28.0,63.6,7.1,1.5,1009.6
2025-04-06,Abomey,26.4,59.2,0.0,2.4,1010.1
2025-04-06,Parakou,27.0,63.0,0.0,2.6,1013.8
2025-04-06,Natitingou,25.2,54.3,0.0,1.7,1011.8
2025-04-06,Kandi,29.1,48.1,0.0,2.6,1010.6
2025-04-06,Malanville,29.7,41.5,0.0,2.6,1013.7
2025-04-07,Cotonou,28.6,76.9,5.3,3.1,1008.7
2025-04-07,Porto-Novo,27.1,74.3,10.3,1.5,1011.1
2025-04-07,Ouidah,29.1,77.8,0.0,3.3,1008.9
2025-04-07,Abomey-Calavi,30.6,75.6,14.4,3.3,1010.0
2025-04-07,Bohicon,30.0,63.2,0.0,2.5,1012.7
2025-04-07,Abomey,32.5,64.8,0.0,3.0,1013.4
2025-04-07,Parakou,27.0,62.7,2.1,1.5,1015.5
2025-04-07,Natitingou,24.8,53.8,0.0,3.5,1012.5
2025-04-07,Kandi,30.7,44.5,0.0,3.4,1011.5
2025-04-07,Malanville,30.5,37.6,0.0,4.1,1017.4
2025-04-08,Cotonou,33.4,73.7,3.8,2.9,1008.4
2025-04-08,Porto-Novo,25.3,79.9,3.0,2.3,1011.9
2025-04-08,Ouidah,27.3,73.2,0.0,3.1,1008.8
2025-04-08,Abomey-Calavi,28.9,71.0,0.0,3.1,1007.2
2025-04-08,Bohicon,27.3,65.5,0.0,3.5,1009.8
2025-04-08,Abomey,28.0,70.4,0.0,2.4,1014.0
2025-04-08,Parakou,29.3,57.0,0.0,2.4,1018.9
2025-04-08,Natitingou,26.5,54.0,1.0,3.1,1014.7
2025-04-08,Kandi,29.2,36.3,0.8,1.9,1014.8
2025-04-08,Malanville,30.8,47.0,0.0,2.3,1009.5
2025-04-09,Cotonou,29.9,63.8,0.0,3.9,1010.7
2025-04-09,Porto-Novo,29.6,81.3,0.0,2.3,1010.4
2025-04-09,Ouidah,28.9,73.0,6.3,3.3,1008.2
2025-04-09,Abomey-Calavi,29.3,75.0,0.0,3.1,1009.5
2025-04-09,Bohicon,29.4,68.0,0.0,3.0,1011.9
2025-04-09,Abomey,29.3,69.9,0.5,3.0,1011.3
2025-04-09,Parakou,26.7,61.0,0.0,1.4,1013.7
2025-04-09,Natitingou,27.3,55.6,0.0,2.3,1017.1
2025-04-09,Kandi,29.3,49.4,0.0,3.6,1013.7
2025-04-09,Malanville,32.7,41.9,0.0,3.9,1014.0
2025-04-10,Cotonou,30.0,71.5,0.0,3.4,1010.9
2025-04-10,Porto-Novo,27.5,68.2,0.0,3.6,1013.9
2025-04-10,Ouidah,31.4,87.3,6.8,4.0,1010.2
2025-04-10,Abomey-Calavi,32.5,75.7,0.0,3.5,1010.3
2025-04-10,Bohicon,31.1,60.0,4.1,3.0,1008.9
2025-04-10,Abomey,30.0,63.8,0.0,1.4,1012.7
2025-04-10,Parakou,29.5,56.7,0.0,2.3,1010.7
2025-04-10,Natitingou,24.6,55.1,3.3,2.6,1015.1
2025-04-10,Kandi,29.6,49.9,7.8,2.5,1015.8
2025-04-10,Malanville,29.8,45.2,0.0,2.7,1015.2
2025-04-11,Cotonou,31.0,80.0,0.0,2.5,1013.5
2025-04-11,Porto-Novo,28.0,73.7,0.0,3.6,1007.9
2025-04-11,Ouidah,26.8,75.0,0.0,3.7,1011.3
2025-04-11,Abomey-Calavi,28.3,73.9,0.0,3.0,1009.5
2025-04-11,Bohicon,29.5,76.4,8.8,1.0,1012.1
2025-04-11,Abomey,27.8,61.8,0.0,3.3,1015.0
2025-04-11,Parakou,28.7,64.9,0.0,2.7,1011.6
2025-04-11,Natitingou,28.6,55.7,0.3,2.9,1010.1
2025-04-11,Kandi,27.0,46.8,0.0,2.4,1015.2
2025-04-11,Malanville,29.4,34.0,0.0,2.9,1009.1
2025-04-12,Cotonou,30.6,76.5,0.0,1.8,1016.3
2025-04-12,Porto-Novo,29.4,76.1,0.0,2.1,1013.0
2025-04-12,Ouidah,28.7,73.7,0.0,2.3,1011.9
2025-04-12,Abomey-Calavi,29.3,60.3,3.3,2.9,1007.7
2025-04-12,Bohicon,28.9,66.0,0.0,3.0,1015.0
2025-04-12,Abomey,30.1,59.5,0.0,3.4,1013.6
2025-04-12,Parakou,28.2,55.0,3.0,1.8,1015.1
2025-04-12,Natitingou,27.7,50.6,0.0,3.3,1006.4
2025-04-12,Kandi,30.9,50.4,0.0,2.9,1013.9
2025-04-12,Malanville,30.7,48.4,0.0,2.1,1011.0
2025-04-13,Cotonou,26.9,78.6,0.0,3.8,1012.0
2025-04-13,Porto-Novo,29.5,70.5,0.0,2.2,1014.4
2025-04-13,Ouidah,29.8,77.8,8.8,3.2,1008.7
2025-04-13,Abomey-Calavi,30.4,78.6,0.0,3.4,1012.5
2025-04-13,Bohicon,29.0,61.3,0.0,1.5,1013.6
2025-04-13,Abomey,30.6,62.9,10.9,2.4,1014.0
2025-04-13,Parakou,26.2,58.3,0.0,1.8,1013.5
2025-04-13,Natitingou,27.5,46.1,0.0,3.0,1008.6
2025-04-13,Kandi,30.7,50.9,0.0,2.9,1009.9
2025-04-13,Malanville,28.9,51.5,3.1,3.9,1014.7
2025-04-14,Cotonou,30.6,71.3,0.0,3.2,1007.4
2025-04-14,Porto-Novo,29.9,80.5,0.0,1.4,1013.8
2025-04-14,Ouidah,28.9,74.8,6.2,2.9,1011.1
2025-04-14,Abomey-Calavi,29.6,75.1,0.0,3.3,1012.1
2025-04-14,Bohicon,28.9,58.4,5.3,1.6,1013.1
2025-04-14,Abomey,30.9,58.4,0.0,0.9,1013.4
2025-04-14,Parakou,30.2,64.6,5.2,2.1,1016.0
2025-04-14,Natitingou,27.1,51.2,0.0,2.8,1012.7
2025-04-14,Kandi,29.9,43.0,7.8,2.2,1012.1
2025-04-14,Malanville,31.4,43.7,0.0,2.5,1012.5
2025-04-15,Cotonou,30.1,73.8,0.5,2.3,1011.2
2025-04-15,Porto-Novo,30.0,71.8,0.0,2.2,1011.7
2025-04-15,Ouidah,30.7,81.6,0.0,3.4,1010.7
2025-04-15,Abomey-Calavi,31.0,78.1,14.8,3.8,1011.8
2025-04-15,Bohicon,29.9,69.7,0.0,2.0,1009.8
2025-04-15,Abomey,27.1,70.0,0.0,4.2,1015.7
2025-04-15,Parakou,29.8,41.1,0.0,2.9,1013.5
2025-04-15,Natitingou,26.1,51.6,0.5,1.1,1011.0
2025-04-15,Kandi,28.9,47.0,0.0,4.8,1013.0
2025-04-15,Malanville,32.1,47.0,0.0,3.9,1013.5
2025-04-16,Cotonou,27.1,75.7,0.0,2.5,1011.2
2025-04-16,Porto-Novo,29.2,73.3,0.0,3.2,1010.7
2025-04-16,Ouidah,28.7,82.5,2.8,3.0,1013.2
2025-04-16,Abomey-Calavi,27.8,78.0,0.0,2.9,1012.4
2025-04-16,Bohicon,27.7,65.7,0.0,2.0,1008.8
2025-04-16,Abomey,26.5,73.1,8.9,2.0,1012.7
2025-04-16,Parakou,30.0,55.5,0.0,2.8,1011.7
2025-04-16,Natitingou,28.7,47.0,9.5,2.1,1014.9
2025-04-16,Kandi,30.4,45.0,1.7,3.8,1014.2
2025-04-16,Malanville,31.7,59.1,5.7,3.6,1008.1
2025-04-17,Cotonou,27.9,76.5,20.9,2.9,1014.0
2025-04-17,Porto-Novo,29.3,75.3,1.7,2.9,1010.2
2025-04-17,Ouidah,27.2,71.4,0.0,2.8,1012.6
2025-04-17,Abomey-Calavi,26.4,76.8,4.2,2.8,1009.5
2025-04-17,Bohicon,32.2,67.6,0.0,3.0,1007.3
2025-04-17,Abomey,28.6,56.5,3.8,2.2,1011.6
2025-04-17,Parakou,27.5,61.9,0.0,2.7,1013.3
2025-04-17,Natitingou,27.8,49.9,0.0,2.0,1011.5
2025-04-17,Kandi,28.5,54.5,0.0,1.9,1010.9
2025-04-17,Malanville,31.4,40.9,0.0,3.9,1015.8
2025-04-18,Cotonou,30.1,77.9,22.2,2.8,1009.3
2025-04-18,Porto-Novo,30.6,79.1,0.0,4.2,1009.7
2025-04-18,Ouidah,33.0,79.5,0.0,2.0,1011.9
2025-04-18,Abomey-Calavi,30.4,76.6,7.3,3.1,1013.4
2025-04-18,Bohicon,30.0,65.4,2.1,3.3,1010.2
2025-04-18,Abomey,31.6,58.6,7.7,2.5,1012.1
2025-04-18,Parakou,28.1,43.8,3.1,2.0,1018.3
2025-04-18,Natitingou,25.7,49.9,0.0,2.3,1015.2
2025-04-18,Kandi,28.8,45.4,0.0,1.8,1014.5
2025-04-18,Malanville,32.0,43.6,0.0,3.7,1012.0
2025-04-19,Cotonou,29.8,81.1,0.0,3.4,1011.6
2025-04-19,Porto-Novo,32.6,73.2,0.0,3.0,1007.9
2025-04-19,Ouidah,30.0,80.5,10.9,1.6,1007.7
2025-04-19,Abomey-Calavi,30.7,69.8,9.8,2.2,1010.4
2025-04-19,Bohicon,30.1,74.5,3.8,0.6,1014.1
2025-04-19,Abomey,29.0,59.5,0.0,3.3,1011.5
2025-04-19,Parakou,29.0,55.7,0.0,3.1,1013.3
2025-04-19,Natitingou,24.3,54.0,0.0,4.1,1015.5
2025-04-19,Kandi,29.6,46.2,0.0,3.5,1011.5
2025-04-19,Malanville,28.5,42.7,0.0,3.3,1014.0
2025-04-20,Cotonou,28.3,78.6,13.7,1.9,1008.4
2025-04-20,Porto-Novo,28.9,73.7,6.6,3.2,1008.9
2025-04-20,Ouidah,27.6,66.6,1.2,3.0,1012.2
2025-04-20,Abomey-Calavi,30.4,74.2,0.0,2.7,1008.3
2025-04-20,Bohicon,27.9,69.1,0.0,1.9,1011.3
2025-04-20,Abomey,28.0,56.8,0.0,2.5,1012.3
2025-04-20,Parakou,28.8,53.0,14.9,2.6,1014.8
2025-04-20,Natitingou,28.2,49.9,0.1,2.1,1013.3
2025-04-20,Kandi,28.7,55.3,0.0,3.5,1015.6
2025-04-20,Malanville,28.7,43.7,0.0,2.5,1012.5
2025-04-21,Cotonou,29.1,66.1,2.9,2.5,1012.5
2025-04-21,Porto-Novo,27.8,82.6,9.1,3.2,1013.4
2025-04-21,Ouidah,28.2,78.3,2.3,2.9,1009.8
2025-04-21,Abomey-Calavi,29.1,72.8,0.0,3.4,1009.6
2025-04-21,Bohicon,28.3,68.7,0.0,3.4,1009.8
2025-04-21,Abomey,28.7,58.7,0.0,3.8,1012.6
2025-04-21,Parakou,28.9,67.0,4.5,3.1,1015.5
2025-04-21,Natitingou,28.1,52.7,0.0,2.2,1013.2
2025-04-21,Kandi,29.2,55.2,0.0,3.6,1013.7
2025-04-21,Malanville,30.9,45.3,0.0,3.3,1013.0
2025-04-22,Cotonou,27.2,77.2,0.0,2.8,1011.5
2025-04-22,Porto-Novo,30.6,81.4,0.0,3.6,1012.9
2025-04-22,Ouidah,28.9,78.4,0.0,3.6,1011.0
2025-04-22,Abomey-Calavi,31.5,77.6,11.6,2.9,1012.5
2025-04-22,Bohicon,30.3,60.6,0.0,3.0,1012.6
2025-04-22,Abomey,26.5,63.0,2.0,2.1,1012.8
2025-04-22,Parakou,29.6,54.7,6.3,3.1,1012.4
2025-04-22,Natitingou,27.7,54.0,0.0,2.2,1010.5
2025-04-22,Kandi,30.9,49.4,2.7,3.8,1015.0
2025-04-22,Malanville,30.4,41.3,0.0,2.8,1013.2
2025-04-23,Cotonou,30.2,77.3,0.0,2.4,1014.1
2025-04-23,Porto-Novo,34.1,70.8,6.9,3.2,1011.6
2025-04-23,Ouidah,27.8,79.1,34.7,2.1,1012.9
2025-04-23,Abomey-Calavi,29.5,59.6,0.9,2.6,1009.0
2025-04-23,Bohicon,28.4,57.8,6.9,1.7,1008.7
2025-04-23,Abomey,28.9,58.4,8.1,2.9,1012.9
2025-04-23,Parakou,26.5,57.3,5.4,2.9,1009.9
2025-04-23,Natitingou,23.8,46.6,8.1,2.7,1013.7
2025-04-23,Kandi,29.7,39.7,0.0,3.1,1015.8
2025-04-23,Malanville,29.6,45.4,0.0,3.6,1010.7
2025-04-24,Cotonou,30.0,73.8,14.2,2.7,1008.9
2025-04-24,Porto-Novo,30.6,79.4,0.0,3.0,1009.8
2025-04-24,Ouidah,31.4,72.5,0.0,3.0,1009.8
2025-04-24,Abomey-Calavi,29.7,68.8,0.0,1.8,1008.5
2025-04-24,Bohicon,28.2,67.8,2.0,3.6,1011.1
2025-04-24,Abomey,26.3,74.2,6.3,2.6,1009.8
2025-04-24,Parakou,30.3,67.5,5.9,2.4,1014.2
2025-04-24,Natitingou,25.9,58.1,1.8,1.7,1014.9
2025-04-24,Kandi,30.1,47.6,0.0,3.0,1008.4
2025-04-24,Malanville,31.3,35.4,1.4,1.3,1009.5
2025-04-25,Cotonou,28.7,77.6,8.6,2.7,1009.3
2025-04-25,Porto-Novo,30.9,73.5,0.0,2.2,1009.4
2025-04-25,Ouidah,30.5,65.4,0.0,3.0,1012.3
2025-04-25,Abomey-Calavi,28.2,71.8,0.0,2.9,1009.5
2025-04-25,Bohicon,29.5,64.0,0.0,2.3,1013.3
2025-04-25,Abomey,29.4,71.3,0.0,3.0,1012.8
2025-04-25,Parakou,30.9,54.7,0.0,2.2,1010.0
2025-04-25,Natitingou,27.9,53.7,0.0,3.1,1009.6
2025-04-25,Kandi,30.4,48.5,0.0,3.0,1014.5
2025-04-25,Malanville,29.3,48.1,0.0,4.8,1007.8
2025-04-26,Cotonou,30.4,67.3,0.0,2.8,1008.0
2025-04-26,Porto-Novo,30.2,68.8,3.0,3.5,1013.7
2025-04-26,Ouidah,28.9,80.2,8.5,2.7,1007.4
2025-04-26,Abomey-Calavi,31.1,69.7,0.0,2.3,1009.8
2025-04-26,Bohicon,29.3,65.4,0.0,3.1,1008.9
2025-04-26,Abomey,29.1,56.4,7.9,2.9,1013.1
2025-04-26,Parakou,29.2,50.2,13.4,1.3,1016.8
2025-04-26,Natitingou,27.5,57.9,0.0,2.9,1015.0
2025-04-26,Kandi,28.9,43.3,8.3,2.8,1011.5
2025-04-26,Malanville,32.4,50.3,0.0,1.7,1012.3
2025-04-27,Cotonou,32.8,70.4,11.9,2.7,1011.3
2025-04-27,Porto-Novo,28.3,68.8,0.0,2.5,1011.1
2025-04-27,Ouidah,30.9,77.0,0.0,3.3,1009.3
2025-04-27,Abomey-Calavi,30.1,67.1,3.8,2.4,1012.8
2025-04-27,Bohicon,27.4,52.3,0.0,3.2,1010.8
2025-04-27,Abomey,28.1,54.0,13.4,2.3,1009.1
2025-04-27,Parakou,25.7,53.8,0.7,2.1,1017.6
2025-04-27,Natitingou,25.5,59.0,10.4,1.4,1015.0
2025-04-27,Kandi,29.0,51.8,3.4,2.9,1014.1
2025-04-27,Malanville,33.1,38.0,0.0,3.9,1010.3
2025-04-28,Cotonou,29.4,74.7,0.0,3.8,1005.9
2025-04-28,Porto-Novo,28.1,73.9,0.0,2.5,1006.5
2025-04-28,Ouidah,30.5,66.6,0.0,2.3,1010.7
2025-04-28,Abomey-Calavi,27.7,66.5,0.0,2.6,1010.9
2025-04-28,Bohicon,30.8,66.3,0.0,2.7,1010.5
2025-04-28,Abomey,27.1,67.1,7.8,2.7,1015.9
2025-04-28,Parakou,28.0,57.8,0.0,1.4,1012.9
2025-04-28,Natitingou,26.0,43.9,4.8,3.0,1009.6
2025-04-28,Kandi,30.2,52.9,12.3,1.6,1013.5
2025-04-28,Malanville,34.1,51.4,0.0,2.6,1017.8
2025-04-29,Cotonou,27.6,76.5,22.4,2.5,1011.4
2025-04-29,Porto-Novo,30.7,75.5,0.0,3.6,1013.3
2025-04-29,Ouidah,26.5,79.4,6.1,2.6,1012.4
2025-04-29,Abomey-Calavi,32.3,72.8,3.2,3.3,1008.4
2025-04-29,Bohicon,30.1,63.9,0.0,2.0,1012.7
2025-04-29,Abomey,29.4,66.3,0.8,1.5,1010.8
2025-04-29,Parakou,27.1,59.6,4.8,2.3,1009.2
2025-04-29,Natitingou,26.6,44.1,5.1,2.6,1013.6
2025-04-29,Kandi,32.8,59.8,0.0,2.8,1009.6
2025-04-29,Malanville,29.4,48.6,0.0,3.2,1012.1
2025-04-30,Cotonou,31.1,64.9,29.0,3.0,1013.2
2025-04-30,Porto-Novo,32.1,68.6,4.6,3.6,1011.4
2025-04-30,Ouidah,29.7,82.0,0.0,3.9,1010.7
2025-04-30,Abomey-Calavi,26.5,69.8,0.0,4.1,1010.8
2025-04-30,Bohicon,27.8,59.9,5.8,2.2,1009.5
2025-04-30,Abomey,26.6,65.6,6.2,2.4,1015.3
2025-04-30,Parakou,24.3,63.3,0.0,3.4,1012.9
2025-04-30,Natitingou,26.8,46.4,0.0,3.2,1009.5
2025-04-30,Kandi,30.2,49.5,0.0,3.0,1013.8
2025-04-30,Malanville,29.6,44.7,0.0,2.2,1011.3
2025-05-01,Cotonou,31.4,72.8,5.8,3.2,1008.6
2025-05-01,Porto-Novo,26.9,80.4,0.0,3.0,1008.6
2025-05-01,Ouidah,30.6,84.0,4.5,3.4,1008.0
2025-05-01,Abomey-Calavi,26.4,75.5,0.0,4.6,1010.9
2025-05-01,Bohicon,27.0,53.7,4.8,1.5,1010.2
2025-05-01,Abomey,28.3,69.8,7.5,4.1,1014.1
2025-05-01,Parakou,27.5,60.3,17.9,2.4,1013.2
2025-05-01,Natitingou,26.6,52.7,0.0,1.9,1012.5
2025-05-01,Kandi,29.2,42.6,0.0,2.9,1011.4
2025-05-01,Malanville,32.7,49.9,0.0,3.8,1010.3
2025-05-02,Cotonou,29.6,78.2,3.9,3.1,1006.6
2025-05-02,Porto-Novo,28.4,69.4,14.7,3.0,1011.4
2025-05-02,Ouidah,31.5,78.2,0.0,3.6,1009.0
2025-05-02,Abomey-Calavi,29.6,61.8,13.6,3.8,1014.1
2025-05-02,Bohicon,29.9,58.8,7.7,2.7,1013.4
2025-05-02,Abomey,29.7,69.0,0.0,3.1,1011.8
2025-05-02,Parakou,29.6,62.0,7.6,2.9,1013.7
2025-05-02,Natitingou,26.8,53.2,0.0,2.1,1015.9
2025-05-02,Kandi,27.7,50.0,0.0,2.6,1018.3
2025-05-02,Malanville,31.4,42.6,3.5,2.1,1014.9
2025-05-03,Cotonou,30.8,76.4,8.3,2.5,1006.5
2025-05-03,Porto-Novo,31.4,71.4,0.6,1.5,1009.3
2025-05-03,Ouidah,27.6,71.5,11.9,3.0,1011.1
2025-05-03,Abomey-Calavi,32.5,70.0,3.1,1.9,1008.0
2025-05-03,Bohicon,27.2,65.4,0.0,3.2,1011.1
2025-05-03,Abomey,28.8,64.3,0.0,2.9,1014.2
2025-05-03,Parakou,28.2,61.1,1.7,2.8,1011.8
2025-05-03,Natitingou,29.2,52.2,0.0,3.8,1012.5
2025-05-03,Kandi,29.6,41.2,0.0,2.6,1015.1
2025-05-03,Malanville,28.9,45.4,0.0,2.5,1009.1
2025-05-04,Cotonou,27.6,74.4,3.9,3.3,1012.4
2025-05-04,Porto-Novo,28.7,67.1,0.0,2.9,1008.9
2025-05-04,Ouidah,31.2,78.9,8.7,3.0,1012.3
2025-05-04,Abomey-Calavi,30.8,69.4,0.0,3.3,1008.0
2025-05-04,Bohicon,29.8,66.9,0.0,3.9,1010.6
2025-05-04,Abomey,27.7,55.6,0.0,2.9,1007.8
2025-05-04,Parakou,27.7,54.0,0.0,2.5,1011.4
2025-05-04,Natitingou,27.9,58.3,0.0,3.5,1013.3
2025-05-04,Kandi,30.2,58.1,0.0,3.0,1014.8
2025-05-04,Malanville,33.0,45.8,3.2,2.7,1012.0
2025-05-05,Cotonou,29.9,77.6,7.0,3.2,1010.4
2025-05-05,Porto-Novo,30.4,70.6,0.0,2.0,1009.5
2025-05-05,Ouidah,26.4,69.7,0.0,3.2,1011.6
2025-05-05,Abomey-Calavi,30.2,65.1,0.0,1.9,1011.0
2025-05-05,Bohicon,28.6,69.4,0.0,3.2,1012.7
2025-05-05,Abomey,28.3,61.4,0.0,3.2,1011.7
2025-05-05,Parakou,27.9,54.1,2.5,2.0,1013.2
2025-05-05,Natitingou,27.4,48.1,0.0,2.0,1015.3
2025-05-05,Kandi,30.9,50.3,0.0,2.1,1015.1
2025-05-05,Malanville,32.1,51.6,0.0,3.2,1016.7
2025-05-06,Cotonou,28.5,76.5,18.5,2.0,1011.8
2025-05-06,Porto-Novo,29.7,81.8,0.0,2.9,1012.5
2025-05-06,Ouidah,30.1,77.8,7.6,2.4,1008.1
2025-05-06,Abomey-Calavi,30.2,70.8,0.0,2.5,1007.5
2025-05-06,Bohicon,27.8,63.3,3.6,1.8,1011.4
2025-05-06,Abomey,25.7,66.8,0.0,2.5,1014.8
2025-05-06,Parakou,27.5,53.6,0.0,2.9,1013.1
2025-05-06,Natitingou,25.3,48.4,0.0,1.0,1011.9
2025-05-06,Kandi,30.3,47.4,5.0,2.8,1011.4
2025-05-06,Malanville,31.9,44.6,1.1,2.7,1013.1
2025-05-07,Cotonou,30.1,75.7,2.1,2.7,1004.2
2025-05-07,Porto-Novo,30.0,73.9,4.2,2.3,1010.2
2025-05-07,Ouidah,28.9,72.4,17.5,0.9,1013.2
2025-05-07,Abomey-Calavi,28.6,65.2,5.8,2.9,1007.3
2025-05-07,Bohicon,27.9,56.8,0.0,2.6,1013.5
2025-05-07,Abomey,26.5,58.2,14.3,3.1,1012.5
2025-05-07,Parakou,28.8,61.1,0.0,2.2,1010.5
2025-05-07,Natitingou,28.5,46.6,0.0,2.0,1012.9
2025-05-07,Kandi,31.4,43.0,0.0,3.2,1006.7
2025-05-07,Malanville,31.0,46.0,2.4,3.8,1015.3
2025-05-08,Cotonou,30.2,71.9,10.7,3.9,1009.7
2025-05-08,Porto-Novo,29.0,74.1,12.2,2.9,1012.7
2025-05-08,Ouidah,29.4,65.9,9.3,4.3,1012.2
2025-05-08,Abomey-Calavi,30.5,69.5,0.0,2.3,1010.8
2025-05-08,Bohicon,27.3,72.0,1.8,2.2,1012.1
2025-05-08,Abomey,27.2,61.5,0.0,1.6,1009.3
2025-05-08,Parakou,28.5,51.6,0.0,2.9,1010.6
2025-05-08,Natitingou,29.5,49.1,1.8,0.7,1011.7
2025-05-08,Kandi,31.5,42.6,0.0,3.5,1010.0
2025-05-08,Malanville,28.5,40.9,0.0,2.7,1012.4
2025-05-09,Cotonou,28.9,72.6,6.6,2.9,1011.5
2025-05-09,Porto-Novo,31.1,74.8,0.0,2.6,1011.1
2025-05-09,Ouidah,29.7,75.6,0.0,2.4,1012.6
2025-05-09,Abomey-Calavi,28.8,74.1,1.9,2.8,1010.3
2025-05-09,Bohicon,27.6,65.7,0.0,2.4,1013.1
2025-05-09,Abomey,29.3,64.3,8.3,2.9,1011.0
2025-05-09,Parakou,29.9,60.1,12.3,3.3,1013.2
2025-05-09,Natitingou,26.7,56.4,1.1,3.3,1014.2
2025-05-09,Kandi,32.0,42.8,0.0,2.4,1011.8
2025-05-09,Malanville,31.2,49.9,0.0,3.3,1010.5
2025-05-10,Cotonou,29.9,74.8,6.3,2.5,1011.0
2025-05-10,Porto-Novo,28.4,71.0,0.0,3.0,1012.5
2025-05-10,Ouidah,33.0,64.6,0.0,4.3,1008.5
2025-05-10,Abomey-Calavi,29.4,76.4,4.5,3.0,1009.1
2025-05-10,Bohicon,29.0,63.7,0.0,1.7,1011.9
2025-05-10,Abomey,29.5,58.6,2.4,1.8,1015.2
2025-05-10,Parakou,29.2,52.8,3.8,3.3,1014.5
2025-05-10,Natitingou,27.0,57.0,0.0,3.0,1012.6
2025-05-10,Kandi,29.3,43.6,4.2,2.0,1014.6
2025-05-10,Malanville,30.7,38.2,5.0,3.0,1012.7
2025-05-11,Cotonou,26.8,75.3,0.0,1.7,1013.0
2025-05-11,Porto-Novo,28.9,64.6,10.6,1.8,1014.9
2025-05-11,Ouidah,30.0,71.2,2.0,3.2,1008.9
2025-05-11,Abomey-Calavi,30.8,79.4,0.0,3.5,1010.8
2025-05-11,Bohicon,30.4,61.6,11.3,2.7,1011.0
2025-05-11,Abomey,29.3,59.5,0.0,2.1,1012.0
2025-05-11,Parakou,30.2,54.1,0.0,3.1,1012.0
2025-05-11,Natitingou,26.4,54.8,0.0,3.6,1015.0
2025-05-11,Kandi,28.5,41.4,0.0,2.8,1009.5
2025-05-11,Malanville,29.9,43.0,3.4,2.9,1015.6
2025-05-12,Cotonou,30.0,79.7,0.0,3.4,1013.7
2025-05-12,Porto-Novo,31.7,72.3,7.9,3.7,1013.8
2025-05-12,Ouidah,28.7,76.2,0.0,2.8,1004.2
2025-05-12,Abomey-Calavi,31.7,70.6,22.5,2.8,1006.1
2025-05-12,Bohicon,29.2,67.7,5.6,2.6,1014.1
2025-05-12,Abomey,29.7,70.8,0.0,2.7,1011.0
2025-05-12,Parakou,28.8,56.7,8.3,3.3,1013.8
2025-05-12,Natitingou,28.0,45.5,0.0,2.1,1014.5
2025-05-12,Kandi,30.6,50.0,8.0,3.0,1016.1
2025-05-12,Malanville,30.0,38.5,0.0,2.2,1011.9
2025-05-13,Cotonou,29.5,74.9,9.5,3.3,1011.0
2025-05-13,Porto-Novo,30.9,70.1,6.5,2.6,1009.1
2025-05-13,Ouidah,29.1,73.1,0.0,3.1,1011.1
2025-05-13,Abomey-Calavi,31.7,71.3,7.0,3.4,1008.6
2025-05-13,Bohicon,27.2,73.7,0.0,2.0,1012.1
2025-05-13,Abomey,29.0,64.9,0.0,3.6,1013.4
2025-05-13,Parakou,29.2,62.8,0.0,2.7,1014.7
2025-05-13,Natitingou,27.1,46.4,5.0,2.2,1007.9
2025-05-13,Kandi,31.2,47.8,0.0,2.2,1012.8
2025-05-13,Malanville,30.0,43.1,0.0,3.6,1015.7
2025-05-14,Cotonou,29.9,73.0,6.7,3.4,1008.8
2025-05-14,Porto-Novo,29.9,75.9,0.0,2.9,1008.9
2025-05-14,Ouidah,28.4,68.0,0.0,2.4,1009.6
2025-05-14,Abomey-Calavi,26.6,65.6,0.0,2.3,1011.3
2025-05-14,Bohicon,26.6,66.2,6.3,2.6,1011.9
2025-05-14,Abomey,30.7,63.3,0.0,3.6,1010.0
2025-05-14,Parakou,30.6,57.6,0.0,3.1,1011.8
2025-05-14,Natitingou,27.7,54.1,4.9,1.4,1011.1
2025-05-14,Kandi,30.1,48.0,8.8,4.1,1011.1
2025-05-14,Malanville,32.3,45.2,0.0,3.1,1013.1
2025-05-15,Cotonou,29.6,71.6,0.0,2.4,1014.5
2025-05-15,Porto-Novo,31.7,71.4,0.0,3.3,1008.1
2025-05-15,Ouidah,26.7,91.9,0.0,2.5,1011.3
2025-05-15,Abomey-Calavi,29.4,78.7,0.0,3.9,1011.4
2025-05-15,Bohicon,30.3,58.9,0.0,3.3,1011.6
2025-05-15,Abomey,29.2,60.3,0.0,2.2,1012.2
2025-05-15,Parakou,27.4,65.1,0.0,3.1,1015.8
2025-05-15,Natitingou,24.3,54.3,3.0,2.2,1012.4
2025-05-15,Kandi,27.5,47.3,0.0,2.0,1012.4
2025-05-15,Malanville,29.6,45.7,0.0,2.6,1009.5
2025-05-16,Cotonou,28.7,73.8,21.1,2.5,1010.8
2025-05-16,Porto-Novo,30.5,76.0,4.0,1.3,1008.6
2025-05-16,Ouidah,28.3,79.2,17.5,3.3,1008.6
2025-05-16,Abomey-Calavi,29.0,67.9,3.9,2.9,1008.9
2025-05-16,Bohicon,28.3,65.8,3.7,2.1,1013.0
2025-05-16,Abomey,27.4,57.3,0.0,1.5,1012.4
2025-05-16,Parakou,28.9,59.9,6.0,2.3,1016.2
2025-05-16,Natitingou,26.8,48.0,0.0,4.9,1013.0
2025-05-16,Kandi,29.8,39.5,0.0,3.4,1012.7
2025-05-16,Malanville,31.9,36.8,0.0,2.2,1014.4
2025-05-17,Cotonou,28.9,69.0,9.3,2.6,1011.1
2025-05-17,Porto-Novo,31.9,66.8,0.0,2.9,1011.0
2025-05-17,Ouidah,27.3,66.1,12.2,3.0,1007.4
2025-05-17,Abomey-Calavi,30.2,77.0,3.2,3.3,1010.9
2025-05-17,Bohicon,28.9,67.2,0.8,2.3,1009.5
2025-05-17,Abomey,29.1,56.6,20.0,2.7,1014.9
2025-05-17,Parakou,31.4,53.3,0.0,3.5,1008.9
2025-05-17,Natitingou,25.5,55.1,0.0,2.3,1011.7
2025-05-17,Kandi,29.6,52.7,0.0,3.3,1013.3
2025-05-17,Malanville,30.4,49.7,7.2,2.5,1012.9
2025-05-18,Cotonou,33.1,79.1,10.3,4.0,1013.0
2025-05-18,Porto-Novo,30.2,77.4,28.0,3.4,1012.6
2025-05-18,Ouidah,29.0,75.0,0.0,3.1,1009.9
2025-05-18,Abomey-Calavi,30.2,76.8,0.0,1.7,1011.1
2025-05-18,Bohicon,30.7,61.2,4.8,2.1,1012.1
2025-05-18,Abomey,29.2,55.4,0.0,3.2,1015.6
2025-05-18,Parakou,27.1,50.4,0.0,2.9,1011.3
2025-05-18,Natitingou,30.1,44.2,0.0,2.7,1012.2
2025-05-18,Kandi,31.6,48.8,2.5,2.7,1010.1
2025-05-18,Malanville,31.6,43.0,0.0,1.6,1016.1
2025-05-19,Cotonou,30.0,83.8,5.3,2.6,1009.4
2025-05-19,Porto-Novo,27.5,73.9,0.0,3.6,1004.0
2025-05-19,Ouidah,28.0,76.8,0.0,3.0,1009.7
2025-05-19,Abomey-Calavi,31.2,71.6,19.3,2.3,1007.2
2025-05-19,Bohicon,27.3,69.3,0.0,2.5,1011.8
2025-05-19,Abomey,31.1,70.1,6.0,1.7,1010.2
2025-05-19,Parakou,28.3,59.3,0.0,2.6,1013.1
2025-05-19,Natitingou,26.6,54.0,4.9,2.2,1013.6
2025-05-19,Kandi,30.0,40.2,2.9,3.2,1011.9
2025-05-19,Malanville,29.9,41.6,0.0,1.7,1010.6
2025-05-20,Cotonou,28.1,77.7,5.2,4.2,1010.7
2025-05-20,Porto-Novo,29.9,61.3,8.6,3.1,1012.9
2025-05-20,Ouidah,29.4,77.4,23.8,3.3,1006.8
2025-05-20,Abomey-Calavi,30.2,74.3,13.9,3.1,1011.2
2025-05-20,Bohicon,29.9,52.3,3.6,2.3,1012.6
2025-05-20,Abomey,27.8,65.2,4.4,2.5,1010.5
2025-05-20,Parakou,27.5,59.9,6.8,3.0,1012.3
2025-05-20,Natitingou,23.1,48.3,0.0,3.2,1018.0
2025-05-20,Kandi,26.6,39.4,0.0,1.9,1007.3
2025-05-20,Malanville,30.4,40.5,0.0,3.4,1011.5
2025-05-21,Cotonou,30.8,69.1,3.2,2.4,1009.5
2025-05-21,Porto-Novo,28.8,60.0,1.4,3.2,1009.7
2025-05-21,Ouidah,29.3,66.3,17.4,3.1,1011.6
2025-05-21,Abomey-Calavi,30.6,82.7,12.4,2.6,1008.7
2025-05-21,Bohicon,28.6,70.8,0.0,0.7,1010.8
2025-05-21,Abomey,28.1,59.4,9.1,1.9,1007.1
2025-05-21,Parakou,27.8,54.8,0.0,2.2,1011.8
2025-05-21,Natitingou,25.4,48.5,0.0,2.8,1017.5
2025-05-21,Kandi,29.9,50.7,0.0,3.0,1013.5
2025-05-21,Malanville,31.5,50.3,0.0,3.5,1014.2
2025-05-22,Cotonou,29.4,80.8,16.4,3.0,1011.9
2025-05-22,Porto-Novo,29.6,76.8,5.2,2.3,1016.0
2025-05-22,Ouidah,31.3,72.3,11.8,2.7,1007.1
2025-05-22,Abomey-Calavi,30.8,63.7,1.7,3.6,1013.3
2025-05-22,Bohicon,28.1,68.3,16.7,1.9,1012.2
2025-05-22,Abomey,28.4,61.5,3.6,2.5,1014.4
2025-05-22,Parakou,28.7,55.8,0.0,1.9,1017.8
2025-05-22,Natitingou,25.9,47.7,0.0,2.9,1011.1
2025-05-22,Kandi,29.0,58.7,0.0,3.1,1011.2
2025-05-22,Malanville,30.4,41.2,0.0,3.2,1012.3
2025-05-23,Cotonou,28.1,66.1,10.0,4.0,1009.0
2025-05-23,Porto-Novo,29.6,74.1,0.0,2.0,1008.4
2025-05-23,Ouidah,28.8,67.9,1.8,3.1,1006.4
2025-05-23,Abomey-Calavi,27.7,72.2,0.0,2.6,1007.6
2025-05-23,Bohicon,26.5,58.4,0.0,3.1,1010.2
2025-05-23,Abomey,28.7,54.4,11.9,3.5,1011.1
2025-05-23,Parakou,27.7,59.6,12.7,1.9,1009.9
2025-05-23,Natitingou,25.5,50.2,0.0,2.7,1015.1
2025-05-23,Kandi,29.2,42.5,0.0,4.7,1013.4
2025-05-23,Malanville,30.8,42.7,0.0,2.2,1012.6
2025-05-24,Cotonou,28.9,68.3,20.9,3.7,1009.8
2025-05-24,Porto-Novo,29.9,69.8,14.6,3.8,1012.7
2025-05-24,Ouidah,28.7,69.9,0.0,2.2,1011.7
2025-05-24,Abomey-Calavi,30.8,68.9,12.7,1.6,1011.1
2025-05-24,Bohicon,29.4,64.8,0.0,3.5,1011.7
2025-05-24,Abomey,29.4,62.6,0.0,3.4,1011.9
2025-05-24,Parakou,30.9,56.1,0.0,2.0,1012.7
2025-05-24,Natitingou,26.1,53.8,0.0,3.6,1013.1
2025-05-24,Kandi,31.7,45.1,0.0,3.4,1013.3
2025-05-24,Malanville,30.5,46.8,0.0,2.6,1009.4
2025-05-25,Cotonou,30.4,72.0,14.2,2.5,1011.4
2025-05-25,Porto-Novo,28.3,67.4,3.1,3.5,1016.8
2025-05-25,Ouidah,32.0,72.4,7.4,3.0,1009.7
2025-05-25,Abomey-Calavi,31.1,67.8,4.5,1.2,1012.9
2025-05-25,Bohicon,32.7,57.6,0.0,3.5,1009.6
2025-05-25,Abomey,28.5,65.9,1.5,2.3,1010.6
2025-05-25,Parakou,28.6,58.0,0.0,2.1,1008.1
2025-05-25,Natitingou,26.4,54.4,9.8,2.4,1014.6
2025-05-25,Kandi,29.8,40.4,0.9,3.2,1016.9
2025-05-25,Malanville,29.5,45.1,2.1,3.2,1012.1
2025-05-26,Cotonou,30.9,78.4,0.0,3.9,1012.4
2025-05-26,Porto-Novo,31.8,64.4,0.0,1.9,1009.0
2025-05-26,Ouidah,27.9,80.3,0.0,2.1,1012.9
2025-05-26,Abomey-Calavi,27.2,68.1,0.0,2.7,1011.8
2025-05-26,Bohicon,29.5,64.9,0.0,3.6,1010.2
2025-05-26,Abomey,29.8,66.0,0.0,3.3,1011.0
2025-05-26,Parakou,29.1,56.8,0.0,3.8,1007.3
2025-05-26,Natitingou,26.7,56.1,0.0,2.6,1010.5
2025-05-26,Kandi,29.0,45.7,0.0,2.0,1012.0
2025-05-26,Malanville,32.8,54.2,0.0,2.2,1012.8
2025-05-27,Cotonou,29.1,72.1,13.7,1.9,1008.2
2025-05-27,Porto-Novo,33.5,84.9,0.0,4.4,1006.8
2025-05-27,Ouidah,29.8,67.0,9.2,2.2,1014.4
2025-05-27,Abomey-Calavi,30.3,79.7,0.0,2.6,1010.0
2025-05-27,Bohicon,29.6,61.5,0.3,3.8,1015.5
2025-05-27,Abomey,25.3,58.5,0.0,2.3,1015.5
2025-05-27,Parakou,28.4,52.1,9.9,3.1,1016.5
2025-05-27,Natitingou,26.7,53.4,0.0,1.2,1011.2
2025-05-27,Kandi,31.1,41.4,0.0,2.9,1013.6
2025-05-27,Malanville,30.4,40.9,5.4,4.1,1016.3
2025-05-28,Cotonou,29.9,67.1,0.0,2.5,1013.8
2025-05-28,Porto-Novo,32.3,64.2,0.0,3.3,1015.8
2025-05-28,Ouidah,31.6,75.5,0.0,3.0,1009.1
2025-05-28,Abomey-Calavi,28.2,78.7,6.5,2.7,1013.2
2025-05-28,Bohicon,27.6,52.3,0.0,1.8,1014.0
2025-05-28,Abomey,29.3,55.8,0.0,3.1,1009.4
2025-05-28,Parakou,28.2,64.0,7.0,2.8,1011.1
2025-05-28,Natitingou,25.8,58.3,0.0,2.5,1012.5
2025-05-28,Kandi,32.1,48.7,0.0,2.3,1011.1
2025-05-28,Malanville,29.6,42.8,3.4,3.1,1011.4
2025-05-29,Cotonou,29.9,72.9,1.1,2.6,1007.7
2025-05-29,Porto-Novo,29.3,70.9,1.1,4.2,1009.9
2025-05-29,Ouidah,30.3,81.0,1.2,2.4,1011.8
2025-05-29,Abomey-Calavi,30.4,75.3,0.0,3.4,1016.7
2025-05-29,Bohicon,29.8,59.1,0.0,2.5,1006.9
2025-05-29,Abomey,30.3,67.1,0.0,2.4,1008.0
2025-05-29,Parakou,28.3,53.9,0.0,2.0,1011.5
2025-05-29,Natitingou,25.7,56.5,0.0,2.3,1013.3
2025-05-29,Kandi,30.4,49.4,2.4,3.6,1007.8
2025-05-29,Malanville,30.0,42.8,0.0,3.6,1015.0
2025-05-30,Cotonou,30.7,75.6,17.5,2.5,1010.5
2025-05-30,Porto-Novo,31.0,70.8,2.5,3.8,1010.8
2025-05-30,Ouidah,29.9,79.4,14.1,2.0,1014.7
2025-05-30,Abomey-Calavi,33.3,70.8,8.9,2.9,1011.4
2025-05-30,Bohicon,28.5,63.3,0.0,2.1,1013.1
2025-05-30,Abomey,28.3,72.8,12.8,2.5,1011.1
2025-05-30,Parakou,29.0,59.7,0.0,2.4,1011.0
2025-05-30,Natitingou,29.7,45.8,0.0,2.4,1014.9
2025-05-30,Kandi,28.4,39.6,1.1,2.2,1013.9
2025-05-30,Malanville,30.5,31.8,0.0,1.8,1010.4
2025-05-31,Cotonou,29.0,74.3,5.4,2.9,1008.0
2025-05-31,Porto-Novo,31.1,80.5,0.0,3.1,1010.5
2025-05-31,Ouidah,28.4,68.8,3.3,3.1,1008.3
2025-05-31,Abomey-Calavi,29.5,77.1,0.0,3.6,1008.0
2025-05-31,Bohicon,28.0,73.2,0.0,2.0,1012.7
2025-05-31,Abomey,29.2,64.0,0.0,2.8,1011.4
2025-05-31,Parakou,30.7,59.8,0.0,1.2,1012.6
2025-05-31,Natitingou,28.7,50.7,0.0,2.2,1010.6
2025-05-31,Kandi,24.8,46.2,0.0,2.5,1010.5
2025-05-31,Malanville,28.4,37.6,0.0,2.7,1009.5
2025-06-01,Cotonou,29.7,70.2,0.0,4.2,1009.4
2025-06-01,Porto-Novo,30.8,68.7,0.7,1.6,1012.9
2025-06-01,Ouidah,28.3,75.2,0.0,3.1,1005.4
2025-06-01,Abomey-Calavi,29.4,67.6,11.8,3.1,1009.9
2025-06-01,Bohicon,26.6,61.9,5.2,3.1,1011.4
2025-06-01,Abomey,26.9,63.8,0.0,3.0,1009.3
2025-06-01,Parakou,26.5,62.4,0.0,2.8,1010.4
2025-06-01,Natitingou,27.3,48.6,2.7,2.7,1012.2
2025-06-01,Kandi,29.3,49.8,0.0,3.5,1014.0
2025-06-01,Malanville,31.1,47.0,0.0,3.5,1015.5
2025-06-02,Cotonou,29.9,78.9,5.4,3.1,1012.5
2025-06-02,Porto-Novo,30.5,74.5,5.4,1.8,1014.4
2025-06-02,Ouidah,29.7,78.0,2.2,3.5,1011.6
2025-06-02,Abomey-Calavi,30.5,64.6,9.6,1.4,1009.5
2025-06-02,Bohicon,28.6,59.6,0.0,3.1,1009.9
2025-06-02,Abomey,31.1,58.5,8.3,2.6,1013.3
2025-06-02,Parakou,29.9,57.4,0.0,2.1,1009.1
2025-06-02,Natitingou,30.4,51.5,1.6,2.4,1011.5
2025-06-02,Kandi,30.7,52.9,5.3,1.3,1012.7
2025-06-02,Malanville,33.3,47.5,0.0,4.0,1012.0
2025-06-03,Cotonou,28.1,80.6,54.6,3.0,1011.8
2025-06-03,Porto-Novo,33.7,76.6,0.0,1.9,1012.3
2025-06-03,Ouidah,29.8,75.9,5.6,3.7,1009.5
2025-06-03,Abomey-Calavi,31.1,64.8,7.6,2.5,1012.7
2025-06-03,Bohicon,27.8,66.2,8.4,2.6,1012.2
2025-06-03,Abomey,30.3,64.9,4.9,2.0,1013.2
2025-06-03,Parakou,28.7,57.5,0.0,3.0,1010.9
2025-06-03,Natitingou,27.1,47.3,0.0,1.7,1012.7
2025-06-03,Kandi,29.2,45.2,0.0,3.0,1011.9
2025-06-03,Malanville,30.7,42.5,0.0,3.8,1011.1
2025-06-04,Cotonou,30.5,81.3,0.0,3.7,1011.9
2025-06-04,Porto-Novo,28.3,79.7,0.0,3.0,1014.3
2025-06-04,Ouidah,30.3,75.9,8.6,4.2,1015.8
2025-06-04,Abomey-Calavi,27.6,76.3,0.0,2.1,1011.4
2025-06-04,Bohicon,28.6,53.9,14.9,1.6,1009.7
2025-06-04,Abomey,29.0,64.1,0.0,2.7,1008.6
2025-06-04,Parakou,28.4,52.0,0.0,3.9,1008.2
2025-06-04,Natitingou,28.4,59.2,5.6,1.6,1013.7
2025-06-04,Kandi,30.5,49.6,0.0,3.8,1013.2
2025-06-04,Malanville,29.2,43.4,1.2,2.7,1010.1
2025-06-05,Cotonou,29.9,75.4,14.2,3.0,1012.2
2025-06-05,Porto-Novo,29.0,74.9,1.9,2.7,1010.9
2025-06-05,Ouidah,28.3,80.6,23.5,3.4,1010.4
2025-06-05,Abomey-Calavi,28.3,68.7,4.8,2.8,1009.4
2025-06-05,Bohicon,29.7,63.4,0.0,0.6,1010.2
2025-06-05,Abomey,29.1,54.5,6.0,1.7,1014.0
2025-06-05,Parakou,27.0,48.3,3.2,1.5,1010.5
2025-06-05,Natitingou,27.2,49.2,4.2,1.6,1014.3
2025-06-05,Kandi,30.2,52.0,15.5,2.6,1009.5
2025-06-05,Malanville,31.5,45.5,1.4,3.5,1014.3
2025-06-06,Cotonou,30.1,85.3,1.9,2.7,1006.7
2025-06-06,Porto-Novo,28.4,70.2,15.5,1.7,1012.6
2025-06-06,Ouidah,29.7,77.5,11.1,4.5,1009.7
2025-06-06,Abomey-Calavi,31.5,77.2,7.0,2.2,1008.5
2025-06-06,Bohicon,28.3,66.4,11.7,2.2,1008.8
2025-06-06,Abomey,30.6,69.6,4.5,3.2,1014.9
2025-06-06,Parakou,30.9,62.3,6.2,2.8,1016.9
2025-06-06,Natitingou,25.0,59.0,0.0,2.6,1014.0
2025-06-06,Kandi,30.2,49.6,0.0,2.1,1015.0
2025-06-06,Malanville,33.0,52.8,0.0,3.7,1011.0
2025-06-07,Cotonou,30.4,79.7,7.3,2.5,1009.4
2025-06-07,Porto-Novo,31.9,71.8,0.0,3.0,1008.3
2025-06-07,Ouidah,26.6,78.1,1.7,3.2,1010.4
2025-06-07,Abomey-Calavi,29.0,68.5,6.1,1.4,1013.4
2025-06-07,Bohicon,29.6,68.0,5.4,2.8,1013.6
2025-06-07,Abomey,28.1,67.9,0.0,1.3,1013.9
2025-06-07,Parakou,27.2,64.9,0.0,2.6,1014.8
2025-06-07,Natitingou,25.4,52.2,0.0,2.6,1011.2
2025-06-07,Kandi,28.4,45.6,0.0,2.3,1009.2
2025-06-07,Malanville,30.4,41.6,4.7,2.9,1017.6
2025-06-08,Cotonou,28.8,78.5,0.0,3.1,1013.4
2025-06-08,Porto-Novo,27.5,72.4,0.0,3.1,1015.8
2025-06-08,Ouidah,28.8,75.6,31.6,3.9,1010.1
2025-06-08,Abomey-Calavi,29.4,73.0,0.0,1.8,1013.2
2025-06-08,Bohicon,28.6,62.5,0.0,2.6,1011.3
2025-06-08,Abomey,28.3,64.7,0.9,1.9,1013.4
2025-06-08,Parakou,30.6,57.1,0.9,2.0,1015.7
2025-06-08,Natitingou,26.8,48.3,5.5,2.2,1012.8
2025-06-08,Kandi,29.7,51.9,0.0,1.8,1008.8
2025-06-08,Malanville,29.8,50.3,0.0,2.5,1011.7
2025-06-09,Cotonou,30.0,80.2,0.0,2.8,1011.8
2025-06-09,Porto-Novo,30.1,70.6,5.4,1.4,1009.4
2025-06-09,Ouidah,30.0,70.1,2.6,1.8,1011.9
2025-06-09,Abomey-Calavi,27.7,73.0,11.6,2.7,1010.3
2025-06-09,Bohicon,28.5,70.3,1.4,1.8,1008.7
2025-06-09,Abomey,28.0,67.1,0.0,2.5,1009.3
2025-06-09,Parakou,27.7,57.6,4.1,3.3,1012.6
2025-06-09,Natitingou,26.9,57.2,4.8,1.2,1012.9
2025-06-09,Kandi,29.0,41.4,8.7,3.2,1015.0
2025-06-09,Malanville,29.3,49.7,0.0,2.8,1014.1
2025-06-10,Cotonou,26.8,76.7,6.2,1.5,1008.6
2025-06-10,Porto-Novo,27.5,80.1,35.7,1.8,1006.9
2025-06-10,Ouidah,28.0,82.6,2.3,3.9,1013.8
2025-06-10,Abomey-Calavi,28.1,69.7,11.5,3.2,1013.3
2025-06-10,Bohicon,26.3,64.4,12.3,1.8,1011.9
2025-06-10,Abomey,28.1,66.9,0.0,2.7,1012.8
2025-06-10,Parakou,29.4,55.9,7.0,2.6,1015.0
2025-06-10,Natitingou,27.0,62.5,0.0,2.5,1014.1
2025-06-10,Kandi,29.3,47.7,0.0,1.6,1015.2
2025-06-10,Malanville,31.3,44.0,0.0,3.9,1008.4
2025-06-11,Cotonou,28.1,79.7,7.8,4.3,1008.4
2025-06-11,Porto-Novo,28.0,73.1,0.0,2.2,1015.3
2025-06-11,Ouidah,29.5,74.6,13.6,2.2,1012.5
2025-06-11,Abomey-Calavi,30.9,75.4,0.0,3.2,1009.4
2025-06-11,Bohicon,30.8,68.5,0.0,3.5,1009.9
2025-06-11,Abomey,29.0,67.5,14.1,2.4,1010.1
2025-06-11,Parakou,28.6,60.1,0.0,2.7,1011.3
2025-06-11,Natitingou,26.2,59.0,5.8,1.8,1015.0
2025-06-11,Kandi,29.2,48.6,0.0,3.7,1011.7
2025-06-11,Malanville,30.4,52.4,8.1,3.2,1011.9
2025-06-12,Cotonou,26.9,67.0,7.3,4.1,1013.3
2025-06-12,Porto-Novo,28.1,80.4,4.7,3.3,1010.5
2025-06-12,Ouidah,28.5,73.8,0.0,2.2,1010.7
2025-06-12,Abomey-Calavi,29.7,73.7,1.9,2.1,1009.5
2025-06-12,Bohicon,32.1,63.3,0.0,2.4,1009.8
2025-06-12,Abomey,29.5,67.8,7.8,2.1,1009.7
2025-06-12,Parakou,29.4,62.8,0.0,2.6,1014.2
2025-06-12,Natitingou,28.2,54.6,4.3,1.5,1014.5
2025-06-12,Kandi,30.3,52.6,22.3,2.1,1016.7
2025-06-12,Malanville,30.8,56.0,0.0,3.0,1015.2
2025-06-13,Cotonou,28.0,71.1,3.7,2.1,1010.0
2025-06-13,Porto-Novo,29.5,71.0,4.9,2.9,1008.9
2025-06-13,Ouidah,28.9,79.7,2.3,1.6,1007.5
2025-06-13,Abomey-Calavi,32.5,59.6,0.0,3.4,1012.8
2025-06-13,Bohicon,27.7,61.0,6.4,0.9,1009.0
2025-06-13,Abomey,29.2,67.5,6.8,1.7,1012.5
2025-06-13,Parakou,28.9,62.7,22.4,2.3,1014.0
2025-06-13,Natitingou,25.1,52.4,4.2,2.0,1017.6
2025-06-13,Kandi,29.4,57.9,0.0,2.2,1013.6
2025-06-13,Malanville,31.8,42.4,6.1,3.4,1014.2
2025-06-14,Cotonou,27.9,68.0,0.0,4.4,1011.0
2025-06-14,Porto-Novo,33.2,76.0,0.0,3.6,1011.9
2025-06-14,Ouidah,27.5,80.4,0.0,3.5,1013.1
2025-06-14,Abomey-Calavi,32.3,67.1,7.1,1.6,1010.7
2025-06-14,Bohicon,29.4,55.1,0.0,2.4,1014.5
2025-06-14,Abomey,29.5,62.4,1.5,2.8,1015.3
2025-06-14,Parakou,28.8,59.2,4.4,3.1,1014.3
2025-06-14,Natitingou,26.2,49.0,7.8,1.9,1013.3
2025-06-14,Kandi,32.0,50.4,0.0,1.5,1011.9
2025-06-14,Malanville,33.8,40.5,0.0,2.2,1014.9
2025-06-15,Cotonou,30.5,72.5,6.9,3.6,1012.2
2025-06-15,Porto-Novo,27.6,80.8,6.8,2.7,1011.9
2025-06-15,Ouidah,29.1,73.6,3.5,2.9,1009.7
2025-06-15,Abomey-Calavi,30.4,72.7,6.6,2.5,1013.4
2025-06-15,Bohicon,28.7,59.8,2.8,2.9,1011.1
2025-06-15,Abomey,28.9,63.7,0.0,3.2,1015.6
2025-06-15,Parakou,29.1,59.8,6.7,3.7,1012.3
2025-06-15,Natitingou,28.7,56.9,0.0,2.1,1012.2
2025-06-15,Kandi,31.8,42.5,0.0,2.7,1013.2
2025-06-15,Malanville,31.4,41.5,0.4,1.8,1011.1
2025-06-16,Cotonou,28.6,82.8,0.0,1.4,1011.1
2025-06-16,Porto-Novo,27.3,77.4,0.0,2.0,1009.0
2025-06-16,Ouidah,27.6,78.3,6.8,2.6,1013.5
2025-06-16,Abomey-Calavi,29.9,69.0,0.0,2.3,1007.4
2025-06-16,Bohicon,25.9,63.8,7.3,2.6,1009.8
2025-06-16,Abomey,30.4,66.8,6.3,2.0,1013.9
2025-06-16,Parakou,28.4,48.9,0.0,2.8,1010.5
2025-06-16,Natitingou,26.5,47.7,2.3,1.1,1010.4
2025-06-16,Kandi,29.9,47.0,0.0,1.6,1014.5
2025-06-16,Malanville,30.0,49.6,5.3,2.1,1012.0
2025-06-17,Cotonou,29.9,76.7,16.0,2.6,1013.9
2025-06-17,Porto-Novo,31.9,61.9,0.0,2.4,1015.2
2025-06-17,Ouidah,26.8,81.7,0.0,3.7,1011.7
2025-06-17,Abomey-Calavi,30.1,73.6,0.0,2.5,1009.1
2025-06-17,Bohicon,28.8,59.6,0.0,2.1,1014.6
2025-06-17,Abomey,26.8,68.4,17.1,0.9,1009.8
2025-06-17,Parakou,29.7,59.2,5.4,2.1,1015.6
2025-06-17,Natitingou,26.3,53.8,8.3,1.9,1018.4
2025-06-17,Kandi,29.3,51.2,0.0,2.3,1016.9
2025-06-17,Malanville,32.7,49.6,0.0,3.1,1013.6
2025-06-18,Cotonou,28.5,76.0,12.7,3.6,1008.0
2025-06-18,Porto-Novo,32.1,65.3,5.2,2.8,1008.2
2025-06-18,Ouidah,28.3,80.0,0.0,2.7,1011.2
2025-06-18,Abomey-Calavi,30.6,72.1,10.6,1.9,1007.9
2025-06-18,Bohicon,28.9,66.6,0.0,2.6,1011.9
2025-06-18,Abomey,29.1,72.7,8.9,2.6,1007.7
2025-06-18,Parakou,27.8,58.0,0.0,2.0,1014.1
2025-06-18,Natitingou,28.4,55.7,3.2,2.8,1011.3
2025-06-18,Kandi,29.7,45.5,6.0,3.2,1012.0
2025-06-18,Malanville,29.9,51.6,1.2,2.9,1013.5
2025-06-19,Cotonou,28.7,70.1,11.7,2.7,1012.3
2025-06-19,Porto-Novo,30.6,72.1,7.9,2.0,1008.2
2025-06-19,Ouidah,28.2,77.7,3.0,2.3,1008.0
2025-06-19,Abomey-Calavi,30.4,65.1,0.6,3.1,1011.3
2025-06-19,Bohicon,29.3,65.7,1.8,1.7,1014.7
2025-06-19,Abomey,29.9,66.6,3.5,2.0,1013.5
2025-06-19,Parakou,26.4,53.1,0.9,2.5,1011.0
2025-06-19,Natitingou,29.9,53.0,8.7,2.6,1012.6
2025-06-19,Kandi,31.1,49.2,5.5,3.1,1010.9
2025-06-19,Malanville,28.0,34.8,0.0,1.8,1011.3
2025-06-20,Cotonou,29.6,81.9,14.0,2.1,1011.4
2025-06-20,Porto-Novo,29.8,71.0,23.6,3.2,1011.0
2025-06-20,Ouidah,27.9,76.2,3.2,3.6,1011.7
2025-06-20,Abomey-Calavi,26.8,78.3,3.6,2.5,1010.5
2025-06-20,Bohicon,31.4,63.5,0.0,3.0,1013.8
2025-06-20,Abomey,28.6,72.0,0.0,1.6,1014.8
2025-06-20,Parakou,29.5,69.5,0.0,3.9,1011.6
2025-06-20,Natitingou,25.7,43.1,0.0,3.1,1012.6
2025-06-20,Kandi,29.3,56.3,0.0,2.1,1014.3
2025-06-20,Malanville,31.7,45.6,1.5,2.8,1010.8
2025-06-21,Cotonou,30.1,83.5,6.2,1.8,1010.8
2025-06-21,Porto-Novo,28.5,74.5,0.0,1.9,1008.8
2025-06-21,Ouidah,28.8,79.7,0.0,2.9,1011.1
2025-06-21,Abomey-Calavi,29.1,79.4,5.4,3.2,1012.6
2025-06-21,Bohicon,28.7,62.5,0.0,2.9,1009.9
2025-06-21,Abomey,26.4,65.0,7.5,2.7,1014.8
2025-06-21,Parakou,29.1,59.6,0.0,1.8,1015.8
2025-06-21,Natitingou,26.0,48.9,0.0,2.7,1014.3
2025-06-21,Kandi,29.1,52.9,0.0,2.4,1011.1
2025-06-21,Malanville,28.6,42.3,7.2,3.5,1015.5
2025-06-22,Cotonou,30.4,70.6,3.4,2.5,1011.3
2025-06-22,Porto-Novo,28.1,75.5,0.0,2.5,1008.7
2025-06-22,Ouidah,27.8,78.2,20.4,2.9,1007.8
2025-06-22,Abomey-Calavi,30.6,69.7,4.4,3.2,1012.9
2025-06-22,Bohicon,27.6,63.3,0.0,1.9,1013.2
2025-06-22,Abomey,31.0,64.3,0.0,2.1,1012.2
2025-06-22,Parakou,30.7,61.1,0.0,2.4,1013.5
2025-06-22,Natitingou,26.5,58.5,12.9,2.7,1013.3
2025-06-22,Kandi,29.0,49.7,0.0,3.0,1011.3
2025-06-22,Malanville,30.5,41.5,0.5,2.9,1013.0
2025-06-23,Cotonou,27.3,75.7,22.4,2.8,1012.1
2025-06-23,Porto-Novo,29.8,64.7,10.0,3.2,1012.7
2025-06-23,Ouidah,31.7,75.0,0.0,1.5,1009.9
2025-06-23,Abomey-Calavi,28.3,64.0,0.0,1.6,1012.2
2025-06-23,Bohicon,29.7,73.5,0.0,3.0,1015.0
2025-06-23,Abomey,26.9,62.3,1.5,0.8,1011.0
2025-06-23,Parakou,27.0,57.2,0.0,2.2,1012.2
2025-06-23,Natitingou,27.1,46.8,5.7,1.3,1009.7
2025-06-23,Kandi,29.1,48.0,0.0,3.4,1012.3
2025-06-23,Malanville,30.2,42.0,0.0,2.0,1016.4
2025-06-24,Cotonou,28.1,75.0,0.0,2.6,1011.4
2025-06-24,Porto-Novo,28.5,70.2,0.0,2.0,1014.1
2025-06-24,Ouidah,29.4,72.1,0.0,2.5,1013.1
2025-06-24,Abomey-Calavi,31.2,69.4,1.5,2.7,1014.4
2025-06-24,Bohicon,27.5,62.5,5.4,1.9,1014.4
2025-06-24,Abomey,28.1,64.9,0.0,2.5,1012.9
2025-06-24,Parakou,30.8,65.3,0.0,2.7,1006.5
2025-06-24,Natitingou,27.7,45.5,6.4,2.0,1013.5
2025-06-24,Kandi,28.0,55.4,6.1,3.7,1014.5
2025-06-24,Malanville,28.3,40.1,0.0,2.4,1016.1
2025-06-25,Cotonou,26.4,85.5,10.0,3.3,1010.6
2025-06-25,Porto-Novo,30.1,78.9,0.0,3.7,1012.2
2025-06-25,Ouidah,30.8,71.0,2.6,3.2,1009.8
2025-06-25,Abomey-Calavi,27.9,76.6,12.1,3.6,1009.4
2025-06-25,Bohicon,27.3,68.3,0.0,1.6,1010.1
2025-06-25,Abomey,30.0,61.6,4.6,2.1,1012.7
2025-06-25,Parakou,30.4,62.2,7.5,2.9,1011.9
2025-06-25,Natitingou,27.8,63.6,1.9,3.5,1015.2
2025-06-25,Kandi,29.9,48.7,0.0,3.6,1008.8
2025-06-25,Malanville,29.0,46.1,3.2,2.5,1014.6
2025-06-26,Cotonou,28.8,79.6,9.4,2.9,1009.7
2025-06-26,Porto-Novo,27.0,71.8,0.0,1.9,1007.3
2025-06-26,Ouidah,29.1,78.1,0.0,3.6,1009.2
2025-06-26,Abomey-Calavi,29.4,71.9,0.0,3.4,1010.1
2025-06-26,Bohicon,28.1,63.9,0.0,2.9,1011.3
2025-06-26,Abomey,28.7,64.5,0.0,1.9,1010.2
2025-06-26,Parakou,27.3,67.4,0.0,2.8,1012.8
2025-06-26,Natitingou,27.3,44.2,0.0,2.9,1010.8
2025-06-26,Kandi,29.2,42.9,4.5,1.5,1011.8
2025-06-26,Malanville,30.7,36.3,0.0,3.4,1012.1
2025-06-27,Cotonou,30.0,73.7,9.0,3.0,1014.5
2025-06-27,Porto-Novo,31.1,68.5,8.6,2.6,1011.6
2025-06-27,Ouidah,28.5,78.5,11.2,2.4,1009.8
2025-06-27,Abomey-Calavi,28.9,79.8,9.1,2.7,1008.5
2025-06-27,Bohicon,28.1,64.8,0.0,1.8,1012.6
2025-06-27,Abomey,30.5,72.4,3.0,1.8,1011.8
2025-06-27,Parakou,27.6,52.7,12.1,1.9,1012.4
2025-06-27,Natitingou,27.8,62.1,16.9,2.4,1015.5
2025-06-27,Kandi,29.7,46.7,0.0,2.3,1009.9
2025-06-27,Malanville,29.7,47.0,0.0,3.4,1013.5
2025-06-28,Cotonou,27.4,81.6,6.4,3.8,1012.3
2025-06-28,Porto-Novo,28.1,77.6,8.7,3.2,1011.8
2025-06-28,Ouidah,27.8,75.1,1.2,1.8,1014.5
2025-06-28,Abomey-Calavi,27.9,66.3,2.9,1.8,1012.0
2025-06-28,Bohicon,28.2,57.2,10.2,2.9,1010.0
2025-06-28,Abomey,25.8,69.5,0.0,2.0,1009.7
2025-06-28,Parakou,27.4,60.9,0.0,3.1,1013.8
2025-06-28,Natitingou,26.5,62.3,0.0,2.3,1014.9
2025-06-28,Kandi,29.9,45.0,0.0,2.4,1011.4
2025-06-28,Malanville,29.5,41.6,0.0,1.8,1012.3
2025-06-29,Cotonou,28.9,71.4,5.7,2.1,1011.5
2025-06-29,Porto-Novo,25.6,77.1,10.1,2.2,1012.9
2025-06-29,Ouidah,28.6,73.1,4.6,2.8,1009.4
2025-06-29,Abomey-Calavi,29.8,71.5,0.0,3.1,1013.5
2025-06-29,Bohicon,29.2,66.2,2.6,1.1,1015.3
2025-06-29,Abomey,28.9,71.8,8.4,1.7,1008.2
2025-06-29,Parakou,26.8,64.7,0.0,2.3,1013.5
2025-06-29,Natitingou,25.2,55.5,2.7,2.8,1010.7
2025-06-29,Kandi,30.3,51.4,2.7,2.2,1014.9
2025-06-29,Malanville,29.4,41.8,0.0,2.5,1012.2
2025-06-30,Cotonou,32.4,78.7,0.0,3.8,1011.4
2025-06-30,Porto-Novo,29.7,68.9,0.0,1.7,1011.1
2025-06-30,Ouidah,28.4,79.4,0.0,3.8,1011.9
2025-06-30,Abomey-Calavi,25.7,85.4,28.1,3.3,1008.2
2025-06-30,Bohicon,28.5,60.5,0.0,2.2,1013.5
2025-06-30,Abomey,26.9,69.8,0.0,2.6,1010.5
2025-06-30,Parakou,28.5,60.6,2.4,2.6,1010.7
2025-06-30,Natitingou,24.6,55.8,4.4,3.3,1012.1
2025-06-30,Kandi,30.3,38.4,0.0,2.6,1011.1
2025-06-30,Malanville,29.4,40.8,0.0,3.2,1015.1
2025-07-01,Cotonou,30.5,76.4,2.8,2.8,1012.8
2025-07-01,Porto-Novo,28.8,76.5,18.6,2.5,1012.0
2025-07-01,Ouidah,26.0,77.2,6.7,1.2,1009.5
2025-07-01,Abomey-Calavi,29.2,71.0,11.4,3.6,1007.4
2025-07-01,Bohicon,29.5,62.9,1.1,2.0,1015.7
2025-07-01,Abomey,26.5,58.7,0.0,1.8,1015.6
2025-07-01,Parakou,28.7,55.2,0.0,3.1,1008.8
2025-07-01,Natitingou,27.6,52.2,9.2,2.4,1008.6
2025-07-01,Kandi,29.8,48.7,0.0,2.0,1011.8
2025-07-01,Malanville,29.5,42.6,0.0,1.9,1013.0
2025-07-02,Cotonou,29.8,74.9,4.0,3.6,1007.3
2025-07-02,Porto-Novo,27.8,70.7,9.8,3.4,1014.5
2025-07-02,Ouidah,28.5,61.7,1.8,2.6,1012.7
2025-07-02,Abomey-Calavi,29.9,76.6,10.5,2.1,1015.9
2025-07-02,Bohicon,30.8,65.0,0.0,2.2,1011.0
2025-07-02,Abomey,29.0,73.8,0.0,3.8,1013.0
2025-07-02,Parakou,29.7,57.1,0.0,3.8,1013.0
2025-07-02,Natitingou,27.7,54.2,0.0,1.2,1012.0
2025-07-02,Kandi,26.6,48.4,9.0,3.3,1010.8
2025-07-02,Malanville,30.8,45.8,0.0,4.2,1013.1
2025-07-03,Cotonou,28.5,74.5,0.0,3.0,1010.7
2025-07-03,Porto-Novo,27.8,70.7,0.0,2.6,1007.5
2025-07-03,Ouidah,28.7,75.5,0.0,2.1,1006.6
2025-07-03,Abomey-Calavi,30.5,74.9,0.0,1.9,1008.7
2025-07-03,Bohicon,26.0,72.6,6.9,1.2,1015.7
2025-07-03,Abomey,27.7,61.2,8.4,1.2,1013.6
2025-07-03,Parakou,30.7,68.1,0.0,2.1,1013.6
2025-07-03,Natitingou,26.7,50.5,3.2,2.1,1015.7
2025-07-03,Kandi,27.5,46.1,0.0,2.4,1011.9
2025-07-03,Malanville,29.9,50.2,0.4,2.9,1011.6
2025-07-04,Cotonou,30.5,77.8,0.0,3.0,1011.1
2025-07-04,Porto-Novo,27.9,79.1,0.0,2.5,1013.2
2025-07-04,Ouidah,29.9,75.8,0.0,3.0,1010.2
2025-07-04,Abomey-Calavi,26.9,64.8,7.8,2.5,1013.0
2025-07-04,Bohicon,25.5,65.3,0.0,3.5,1013.4
2025-07-04,Abomey,28.1,69.2,2.0,2.5,1011.8
2025-07-04,Parakou,30.2,53.8,13.5,2.1,1012.3
2025-07-04,Natitingou,27.2,60.5,0.0,1.7,1012.3
2025-07-04,Kandi,29.0,49.2,0.0,2.7,1012.1
2025-07-04,Malanville,29.3,36.2,0.0,1.8,1012.2
2025-07-05,Cotonou,27.9,75.3,12.7,3.5,1011.6
2025-07-05,Porto-Novo,31.5,78.7,4.4,2.8,1011.1
2025-07-05,Ouidah,32.2,78.4,2.9,3.2,1010.8
2025-07-05,Abomey-Calavi,30.1,74.4,3.2,2.7,1008.0
2025-07-05,Bohicon,29.9,71.9,6.9,2.5,1012.2
2025-07-05,Abomey,26.7,74.2,0.0,2.4,1014.3
2025-07-05,Parakou,29.8,59.7,0.0,2.0,1012.1
2025-07-05,Natitingou,27.8,52.8,3.8,2.1,1016.8
2025-07-05,Kandi,28.0,50.6,9.0,2.4,1015.3
2025-07-05,Malanville,29.2,46.9,0.0,2.9,1011.6
2025-07-06,Cotonou,30.0,73.7,6.5,2.4,1012.0
2025-07-06,Porto-Novo,27.7,79.7,0.0,1.9,1014.9
2025-07-06,Ouidah,29.5,76.6,12.8,2.1,1013.2
2025-07-06,Abomey-Calavi,30.7,66.1,0.0,2.7,1011.6
2025-07-06,Bohicon,30.7,65.9,10.0,2.0,1014.6
2025-07-06,Abomey,28.0,65.2,0.0,2.3,1008.4
2025-07-06,Parakou,26.8,57.7,0.0,2.0,1016.0
2025-07-06,Natitingou,23.9,53.1,0.0,2.5,1014.1
2025-07-06,Kandi,28.7,45.3,0.0,3.2,1016.2
2025-07-06,Malanville,30.9,51.6,0.0,3.5,1013.8
2025-07-07,Cotonou,30.3,84.0,7.2,1.9,1010.4
2025-07-07,Porto-Novo,30.4,71.9,0.0,4.1,1008.4
2025-07-07,Ouidah,28.6,72.0,15.3,2.9,1014.2
2025-07-07,Abomey-Calavi,28.8,68.1,9.9,2.7,1010.2
2025-07-07,Bohicon,25.7,64.6,3.2,2.6,1014.0
2025-07-07,Abomey,28.0,68.0,0.0,3.3,1011.9
2025-07-07,Parakou,28.4,56.2,4.7,2.6,1016.0
2025-07-07,Natitingou,27.6,52.3,0.0,2.8,1011.4
2025-07-07,Kandi,28.5,56.6,0.0,2.6,1015.8
2025-07-07,Malanville,29.8,45.3,3.0,2.2,1016.4
2025-07-08,Cotonou,30.6,68.9,3.0,2.3,1010.1
2025-07-08,Porto-Novo,29.9,65.6,0.0,2.2,1011.6
2025-07-08,Ouidah,29.7,62.4,8.1,2.3,1012.7
2025-07-08,Abomey-Calavi,28.2,75.4,0.0,2.3,1008.2
2025-07-08,Bohicon,29.1,63.4,11.0,1.9,1013.6
2025-07-08,Abomey,26.9,65.8,0.0,0.8,1011.4
2025-07-08,Parakou,29.8,48.7,0.0,3.0,1009.9
2025-07-08,Natitingou,27.6,48.7,0.0,2.4,1010.4
2025-07-08,Kandi,27.7,48.2,0.0,3.2,1013.4
2025-07-08,Malanville,28.1,48.7,0.0,3.0,1016.1
2025-07-09,Cotonou,32.4,76.1,12.4,3.8,1008.6
2025-07-09,Porto-Novo,29.5,79.5,6.7,2.5,1016.4
2025-07-09,Ouidah,28.5,76.4,5.2,2.7,1011.3
2025-07-09,Abomey-Calavi,31.0,83.4,0.0,2.2,1018.0
2025-07-09,Bohicon,26.2,62.3,0.0,1.8,1014.7
2025-07-09,Abomey,26.4,65.7,3.8,2.9,1015.3
2025-07-09,Parakou,28.4,57.3,0.0,2.6,1012.3
2025-07-09,Natitingou,26.3,52.8,0.0,1.6,1013.3
2025-07-09,Kandi,28.9,55.3,0.0,1.4,1011.9
2025-07-09,Malanville,27.1,36.9,0.0,1.9,1015.4
2025-07-10,Cotonou,28.5,80.2,1.8,1.6,1011.1
2025-07-10,Porto-Novo,30.2,78.0,8.8,3.4,1011.4
2025-07-10,Ouidah,26.1,81.3,6.8,1.7,1009.9
2025-07-10,Abomey-Calavi,27.6,72.0,16.7,3.1,1006.5
2025-07-10,Bohicon,26.3,67.2,0.6,3.3,1013.9
2025-07-10,Abomey,28.1,74.8,0.0,2.6,1011.5
2025-07-10,Parakou,27.9,56.6,3.6,2.0,1012.3
2025-07-10,Natitingou,27.5,58.2,13.5,2.0,1012.0
2025-07-10,Kandi,27.2,50.7,0.0,2.1,1011.3
2025-07-10,Malanville,28.3,40.4,4.7,2.2,1014.2
2025-07-11,Cotonou,31.1,71.2,0.0,3.8,1012.1
2025-07-11,Porto-Novo,30.9,66.0,0.0,2.5,1014.7
2025-07-11,Ouidah,30.0,77.1,15.3,2.4,1010.2
2025-07-11,Abomey-Calavi,30.2,79.5,2.4,3.1,1010.3
2025-07-11,Bohicon,26.4,66.8,0.0,2.3,1010.6
2025-07-11,Abomey,29.8,74.3,11.9,2.3,1012.8
2025-07-11,Parakou,28.4,54.2,0.0,1.8,1013.9
2025-07-11,Natitingou,27.1,51.1,0.0,1.6,1016.5
2025-07-11,Kandi,27.9,63.0,0.0,2.7,1008.5
2025-07-11,Malanville,28.6,47.2,0.0,3.4,1012.7
2025-07-12,Cotonou,30.7,77.5,0.0,4.1,1007.5
2025-07-12,Porto-Novo,29.7,74.3,0.0,2.6,1010.3
2025-07-12,Ouidah,26.9,88.5,0.0,2.2,1014.9
2025-07-12,Abomey-Calavi,29.5,69.2,9.5,2.5,1011.0
2025-07-12,Bohicon,28.8,66.8,8.1,1.8,1008.3
2025-07-12,Abomey,26.9,69.5,0.9,2.4,1015.2
2025-07-12,Parakou,26.7,63.3,0.0,1.5,1013.9
2025-07-12,Natitingou,26.9,54.7,0.0,1.8,1017.0
2025-07-12,Kandi,27.5,49.8,0.0,1.8,1015.5
2025-07-12,Malanville,30.7,47.1,0.7,2.8,1011.3
2025-07-13,Cotonou,27.6,84.4,0.0,2.8,1006.3
2025-07-13,Porto-Novo,28.3,73.4,7.7,3.3,1010.2
2025-07-13,Ouidah,27.5,76.5,0.0,3.3,1016.8
2025-07-13,Abomey-Calavi,29.7,71.9,0.0,2.6,1012.6
2025-07-13,Bohicon,26.8,73.2,8.5,2.4,1011.9
2025-07-13,Abomey,27.2,71.5,0.0,1.5,1013.1
2025-07-13,Parakou,29.2,58.3,0.0,2.3,1014.6
2025-07-13,Natitingou,25.2,49.5,0.0,1.5,1014.4
2025-07-13,Kandi,27.7,51.3,0.0,1.7,1016.1
2025-07-13,Malanville,31.7,46.8,0.0,2.6,1012.3
2025-07-14,Cotonou,27.3,86.6,0.0,3.2,1015.0
2025-07-14,Porto-Novo,28.5,70.2,5.7,2.9,1008.4
2025-07-14,Ouidah,30.8,76.2,3.3,3.0,1008.9
2025-07-14,Abomey-Calavi,29.5,78.9,3.2,3.3,1011.0
2025-07-14,Bohicon,28.5,66.4,2.3,2.2,1009.2
2025-07-14,Abomey,26.9,67.3,0.0,2.1,1010.9
2025-07-14,Parakou,29.0,51.2,0.0,1.7,1012.7
2025-07-14,Natitingou,27.7,56.9,9.5,2.0,1009.2
2025-07-14,Kandi,31.6,60.7,0.0,3.3,1012.8
2025-07-14,Malanville,30.1,51.3,0.0,2.6,1016.5
2025-07-15,Cotonou,27.1,74.5,7.8,2.5,1013.8
2025-07-15,Porto-Novo,29.4,72.8,0.0,2.0,1013.3
2025-07-15,Ouidah,28.7,72.4,0.0,2.7,1009.7
2025-07-15,Abomey-Calavi,28.0,68.8,0.0,2.2,1009.8
2025-07-15,Bohicon,27.9,67.3,0.0,2.7,1013.5
2025-07-15,Abomey,24.8,57.8,4.5,2.4,1014.1
2025-07-15,Parakou,28.2,57.5,0.0,1.2,1011.8
2025-07-15,Natitingou,25.5,45.9,9.8,1.7,1015.7
2025-07-15,Kandi,26.7,52.7,2.0,1.6,1017.5
2025-07-15,Malanville,30.5,54.7,0.0,2.5,1012.6
2025-07-16,Cotonou,29.7,81.6,6.0,2.7,1010.8
2025-07-16,Porto-Novo,28.1,73.7,0.0,3.5,1014.3
2025-07-16,Ouidah,28.3,74.2,0.0,2.7,1013.5
2025-07-16,Abomey-Calavi,30.3,76.2,4.1,2.0,1010.8
2025-07-16,Bohicon,29.4,74.1,0.0,1.8,1013.6
2025-07-16,Abomey,27.9,60.6,0.0,2.0,1014.4
2025-07-16,Parakou,30.0,66.2,0.0,2.5,1011.2
2025-07-16,Natitingou,25.0,53.7,0.0,1.4,1013.9
2025-07-16,Kandi,29.6,46.0,0.0,2.8,1014.9
2025-07-16,Malanville,28.7,46.9,0.0,3.5,1017.7
2025-07-17,Cotonou,27.4,81.8,0.0,1.9,1013.0
2025-07-17,Porto-Novo,28.1,74.1,0.0,3.5,1011.6
2025-07-17,Ouidah,28.2,66.0,6.2,3.5,1013.3
2025-07-17,Abomey-Calavi,29.6,74.5,0.0,1.0,1007.2
2025-07-17,Bohicon,27.2,68.7,2.9,3.1,1016.9
2025-07-17,Abomey,29.0,63.8,6.5,1.9,1012.6
2025-07-17,Parakou,29.6,68.8,0.0,2.4,1012.0
2025-07-17,Natitingou,26.4,51.4,0.0,1.8,1015.1
2025-07-17,Kandi,30.2,51.5,3.0,4.1,1007.9
2025-07-17,Malanville,30.2,46.5,0.0,2.7,1017.0
2025-07-18,Cotonou,30.6,83.0,0.0,2.6,1011.2
2025-07-18,Porto-Novo,26.4,77.0,1.1,3.3,1009.3
2025-07-18,Ouidah,30.2,70.8,5.6,3.0,1012.9
2025-07-18,Abomey-Calavi,29.9,67.6,8.4,3.1,1014.8
2025-07-18,Bohicon,26.8,67.6,0.0,2.6,1016.5
2025-07-18,Abomey,29.2,62.3,4.4,1.1,1013.8
2025-07-18,Parakou,27.1,53.9,0.0,2.5,1011.9
2025-07-18,Natitingou,26.1,58.5,0.0,1.8,1015.2
2025-07-18,Kandi,29.6,50.0,0.0,1.8,1013.7
2025-07-18,Malanville,29.2,56.0,0.0,3.1,1015.0
2025-07-19,Cotonou,27.3,81.9,7.4,3.3,1011.1
2025-07-19,Porto-Novo,30.9,75.7,8.2,3.1,1012.8
2025-07-19,Ouidah,27.5,71.1,0.0,3.6,1012.9
2025-07-19,Abomey-Calavi,30.3,79.9,3.6,2.9,1010.8
2025-07-19,Bohicon,30.4,68.9,0.9,3.6,1009.8
2025-07-19,Abomey,29.3,58.0,0.0,1.7,1012.3
2025-07-19,Parakou,28.2,67.2,0.0,2.9,1014.3
2025-07-19,Natitingou,27.9,57.7,0.0,2.0,1009.4
2025-07-19,Kandi,29.3,50.8,0.0,2.5,1015.0
2025-07-19,Malanville,29.7,40.5,0.0,2.8,1016.9
2025-07-20,Cotonou,28.4,77.6,0.0,2.4,1011.1
2025-07-20,Porto-Novo,29.6,85.0,12.1,2.0,1012.1
2025-07-20,Ouidah,30.3,73.4,0.0,2.2,1011.9
2025-07-20,Abomey-Calavi,27.6,73.0,3.5,2.7,1014.1
2025-07-20,Bohicon,28.3,72.9,0.0,1.1,1010.2
2025-07-20,Abomey,30.0,73.0,0.0,2.7,1016.3
2025-07-20,Parakou,26.4,56.6,3.8,1.5,1014.3
2025-07-20,Natitingou,27.8,43.0,0.0,2.0,1015.0
2025-07-20,Kandi,28.0,50.2,0.0,3.4,1007.7
2025-07-20,Malanville,31.2,53.7,0.0,2.5,1016.0
2025-07-21,Cotonou,28.5,78.3,7.9,3.4,1010.3
2025-07-21,Porto-Novo,27.4,71.6,7.2,1.3,1009.8
2025-07-21,Ouidah,28.5,76.0,5.4,2.3,1011.0
2025-07-21,Abomey-Calavi,30.1,82.4,0.0,3.0,1009.1
2025-07-21,Bohicon,29.9,77.8,0.0,1.6,1009.2
2025-07-21,Abomey,28.0,62.4,0.0,0.9,1013.3
2025-07-21,Parakou,27.3,63.0,0.0,1.7,1016.1
2025-07-21,Natitingou,24.9,57.0,0.0,1.1,1015.7
2025-07-21,Kandi,25.7,58.8,0.0,3.2,1007.8
2025-07-21,Malanville,29.8,47.3,0.0,3.0,1017.0
2025-07-22,Cotonou,28.4,82.1,7.2,2.1,1011.9
2025-07-22,Porto-Novo,29.5,66.6,5.4,2.1,1013.9
2025-07-22,Ouidah,28.2,72.9,0.0,3.6,1012.5
2025-07-22,Abomey-Calavi,27.6,65.3,0.0,2.2,1014.5
2025-07-22,Bohicon,27.5,69.1,0.0,2.2,1014.5
2025-07-22,Abomey,28.3,65.3,4.0,1.6,1011.5
2025-07-22,Parakou,28.0,62.9,6.1,2.4,1016.1
2025-07-22,Natitingou,26.3,51.5,0.0,2.1,1014.4
2025-07-22,Kandi,28.8,49.6,0.0,2.4,1011.6
2025-07-22,Malanville,31.6,39.8,0.0,3.0,1012.7
2025-07-23,Cotonou,27.2,78.6,3.1,1.7,1011.4
2025-07-23,Porto-Novo,28.2,80.3,9.4,3.3,1012.5
2025-07-23,Ouidah,29.8,75.4,4.6,2.7,1012.8
2025-07-23,Abomey-Calavi,26.3,69.0,0.0,2.5,1011.3
2025-07-23,Bohicon,26.1,76.1,0.0,2.1,1013.7
2025-07-23,Abomey,25.1,76.2,0.0,3.0,1016.3
2025-07-23,Parakou,27.4,61.1,1.2,3.2,1010.8
2025-07-23,Natitingou,25.9,53.9,0.0,1.7,1016.2
2025-07-23,Kandi,27.8,42.9,0.0,3.4,1013.8
2025-07-23,Malanville,32.3,48.9,3.0,3.4,1014.2
2025-07-24,Cotonou,30.7,75.1,0.0,3.4,1011.8
2025-07-24,Porto-Novo,26.7,70.3,0.0,3.6,1013.9
2025-07-24,Ouidah,30.4,79.5,9.1,3.3,1008.5
2025-07-24,Abomey-Calavi,25.3,72.5,4.0,2.9,1010.8
2025-07-24,Bohicon,29.3,66.1,18.9,3.3,1016.0
2025-07-24,Abomey,25.2,70.1,0.0,1.1,1013.9
2025-07-24,Parakou,27.4,55.7,0.0,2.0,1014.1
2025-07-24,Natitingou,24.3,61.9,6.4,3.5,1016.6
2025-07-24,Kandi,30.3,55.8,0.0,3.1,1013.5
2025-07-24,Malanville,28.5,53.9,0.0,4.6,1012.6
2025-07-25,Cotonou,29.5,81.9,10.0,1.6,1014.0
2025-07-25,Porto-Novo,26.4,86.3,0.0,1.3,1013.5
2025-07-25,Ouidah,26.6,97.9,3.1,2.1,1013.4
2025-07-25,Abomey-Calavi,28.3,73.1,2.6,2.1,1011.1
2025-07-25,Bohicon,29.1,74.1,0.0,3.5,1014.0
2025-07-25,Abomey,29.0,61.2,0.0,1.8,1013.3
2025-07-25,Parakou,29.0,71.1,0.0,2.3,1009.3
2025-07-25,Natitingou,27.3,65.1,4.8,2.8,1010.6
2025-07-25,Kandi,26.5,51.3,0.0,3.1,1011.2
2025-07-25,Malanville,32.2,58.6,0.0,3.0,1015.7
2025-07-26,Cotonou,29.0,72.9,2.9,2.9,1010.9
2025-07-26,Porto-Novo,29.1,76.6,0.0,3.9,1011.4
2025-07-26,Ouidah,27.6,78.2,0.0,2.2,1010.3
2025-07-26,Abomey-Calavi,25.7,77.9,3.1,1.8,1011.1
2025-07-26,Bohicon,26.3,67.7,0.3,3.4,1016.3
2025-07-26,Abomey,27.7,68.9,0.5,3.0,1012.9
2025-07-26,Parakou,28.3,58.4,0.0,1.9,1012.0
2025-07-26,Natitingou,24.6,46.6,0.0,1.4,1015.6
2025-07-26,Kandi,29.7,48.3,0.0,1.7,1018.2
2025-07-26,Malanville,30.3,47.6,3.0,2.8,1014.2
2025-07-27,Cotonou,28.8,75.1,2.0,2.3,1008.7
2025-07-27,Porto-Novo,26.5,72.1,3.2,2.2,1011.5
2025-07-27,Ouidah,27.9,87.3,0.0,1.8,1015.7
2025-07-27,Abomey-Calavi,28.5,85.0,0.0,1.4,1010.6
2025-07-27,Bohicon,27.2,63.9,0.0,2.9,1013.3
2025-07-27,Abomey,25.3,56.8,4.3,3.0,1011.0
2025-07-27,Parakou,27.0,63.9,0.0,2.0,1014.2
2025-07-27,Natitingou,26.0,59.9,0.0,1.5,1021.4
2025-07-27,Kandi,26.8,55.2,9.4,2.4,1011.5
2025-07-27,Malanville,28.9,47.2,0.0,1.5,1013.1
2025-07-28,Cotonou,27.9,80.8,0.0,2.0,1011.1
2025-07-28,Porto-Novo,29.0,78.8,0.0,1.5,1009.0
2025-07-28,Ouidah,28.3,76.2,0.0,1.5,1009.0
2025-07-28,Abomey-Calavi,27.9,88.5,0.0,2.0,1016.2
2025-07-28,Bohicon,30.7,66.2,0.0,3.4,1016.5
2025-07-28,Abomey,28.6,67.0,0.0,1.6,1017.4
2025-07-28,Parakou,24.7,52.8,2.1,2.6,1013.7
2025-07-28,Natitingou,23.5,59.6,0.0,1.9,1012.7
2025-07-28,Kandi,27.5,55.3,1.9,3.9,1013.2
2025-07-28,Malanville,26.2,52.2,0.0,3.3,1013.8
2025-07-29,Cotonou,28.3,81.3,8.6,1.7,1012.2
2025-07-29,Porto-Novo,28.1,79.6,0.0,2.2,1012.1
2025-07-29,Ouidah,31.3,77.7,3.6,4.6,1012.6
2025-07-29,Abomey-Calavi,28.1,69.6,0.0,2.6,1010.3
2025-07-29,Bohicon,25.4,68.3,1.9,1.5,1010.8
2025-07-29,Abomey,25.7,74.8,0.0,3.1,1007.9
2025-07-29,Parakou,25.6,64.5,0.0,2.2,1016.8
2025-07-29,Natitingou,25.9,59.9,0.0,0.9,1016.1
2025-07-29,Kandi,29.1,51.9,3.3,2.0,1010.8
2025-07-29,Malanville,28.4,56.0,0.0,3.4,1009.9
2025-07-30,Cotonou,27.5,73.9,0.0,3.3,1009.4
2025-07-30,Porto-Novo,29.6,69.7,0.0,1.8,1010.9
2025-07-30,Ouidah,27.9,79.7,0.0,1.9,1013.7
2025-07-30,Abomey-Calavi,27.7,69.7,10.3,2.9,1009.4
2025-07-30,Bohicon,24.4,66.5,0.0,1.4,1009.8
2025-07-30,Abomey,27.3,66.2,0.0,3.9,1013.6
2025-07-30,Parakou,29.9,67.8,0.0,2.2,1009.2
2025-07-30,Natitingou,25.9,65.5,0.0,2.6,1013.8
2025-07-30,Kandi,28.1,52.8,0.0,3.0,1013.5
2025-07-30,Malanville,29.8,45.9,0.0,2.1,1013.2
2025-07-31,Cotonou,27.4,81.0,0.0,3.5,1008.0
2025-07-31,Porto-Novo,27.3,83.3,0.0,2.7,1010.6
2025-07-31,Ouidah,28.5,77.3,0.0,2.2,1010.4
2025-07-31,Abomey-Calavi,27.6,76.4,4.2,3.5,1013.3
2025-07-31,Bohicon,24.9,68.7,0.1,0.9,1010.3
2025-07-31,Abomey,26.9,61.2,0.0,1.5,1012.3
2025-07-31,Parakou,27.0,58.2,0.5,1.6,1013.1
2025-07-31,Natitingou,28.2,51.4,0.0,1.9,1018.5
2025-07-31,Kandi,30.6,56.5,0.0,1.1,1012.8
2025-07-31,Malanville,29.2,54.7,2.4,2.4,1012.3
2025-08-01,Cotonou,25.8,78.8,0.0,2.7,1013.2
2025-08-01,Porto-Novo,27.7,74.6,4.9,2.6,1013.1
2025-08-01,Ouidah,26.9,73.3,3.5,1.7,1010.3
2025-08-01,Abomey-Calavi,31.4,67.5,0.0,1.8,1005.7
2025-08-01,Bohicon,28.0,64.8,0.0,3.6,1009.6
2025-08-01,Abomey,26.9,71.7,0.0,3.1,1016.1
2025-08-01,Parakou,28.3,61.1,0.0,3.7,1017.9
2025-08-01,Natitingou,26.3,50.6,0.0,1.6,1017.8
2025-08-01,Kandi,26.7,47.6,0.0,1.9,1011.4
2025-08-01,Malanville,31.0,48.9,0.0,3.6,1014.8
2025-08-02,Cotonou,26.9,78.6,0.0,3.1,1014.1
2025-08-02,Porto-Novo,27.8,76.9,6.6,2.2,1015.2
2025-08-02,Ouidah,29.0,68.6,0.0,1.9,1011.3
2025-08-02,Abomey-Calavi,26.8,73.2,0.0,0.8,1012.3
2025-08-02,Bohicon,29.1,61.3,0.0,2.0,1008.6
2025-08-02,Abomey,26.2,70.2,0.0,2.0,1012.1
2025-08-02,Parakou,26.1,68.4,0.0,2.4,1012.8
2025-08-02,Natitingou,26.5,63.4,0.0,1.9,1013.7
2025-08-02,Kandi,26.2,52.6,0.0,3.4,1014.3
2025-08-02,Malanville,30.2,46.1,0.9,3.5,1012.9
2025-08-03,Cotonou,29.7,77.1,4.4,2.3,1013.4
2025-08-03,Porto-Novo,28.9,74.9,0.0,1.1,1012.9
2025-08-03,Ouidah,29.4,81.8,0.0,4.6,1009.9
2025-08-03,Abomey-Calavi,30.4,75.7,0.0,2.3,1012.6
2025-08-03,Bohicon,27.5,66.5,0.0,2.6,1012.5
2025-08-03,Abomey,27.4,66.8,0.0,2.3,1008.9
2025-08-03,Parakou,26.1,64.8,0.0,2.2,1014.1
2025-08-03,Natitingou,26.8,50.9,0.0,3.2,1011.9
2025-08-03,Kandi,27.3,58.7,0.0,1.8,1014.2
2025-08-03,Malanville,30.1,50.2,1.9,4.3,1012.5
2025-08-04,Cotonou,28.8,74.7,3.7,3.0,1013.8
2025-08-04,Porto-Novo,27.2,64.1,0.0,1.0,1016.7
2025-08-04,Ouidah,26.8,75.0,0.0,2.4,1014.0
2025-08-04,Abomey-Calavi,29.5,74.2,8.4,2.6,1013.9
2025-08-04,Bohicon,25.6,77.4,0.0,2.8,1008.2
2025-08-04,Abomey,26.7,58.5,0.7,2.0,1010.1
2025-08-04,Parakou,26.8,56.9,0.0,2.2,1014.1
2025-08-04,Natitingou,27.0,53.6,0.0,2.2,1012.1
2025-08-04,Kandi,29.0,53.7,2.7,2.0,1012.5
2025-08-04,Malanville,31.8,49.3,0.0,2.4,1011.4
2025-08-05,Cotonou,31.6,82.0,0.5,1.9,1009.5
2025-08-05,Porto-Novo,26.3,76.3,4.4,2.7,1011.9
2025-08-05,Ouidah,29.3,70.8,0.0,2.1,1011.7
2025-08-05,Abomey-Calavi,26.8,82.5,0.0,3.8,1015.0
2025-08-05,Bohicon,29.2,63.9,4.2,2.7,1017.7
2025-08-05,Abomey,27.6,70.0,0.0,3.2,1014.6
2025-08-05,Parakou,27.2,65.5,0.0,1.1,1017.6
2025-08-05,Natitingou,25.6,50.3,7.0,2.1,1017.5
2025-08-05,Kandi,29.4,49.3,0.0,3.1,1011.4
2025-08-05,Malanville,30.1,59.7,0.0,2.5,1017.3
2025-08-06,Cotonou,27.0,81.6,14.5,1.9,1009.3
2025-08-06,Porto-Novo,26.9,71.9,0.0,3.1,1011.3
2025-08-06,Ouidah,27.1,78.4,0.0,2.3,1010.6
2025-08-06,Abomey-Calavi,28.4,71.4,18.3,3.0,1010.9
2025-08-06,Bohicon,26.4,68.0,0.0,2.5,1013.5
2025-08-06,Abomey,28.6,58.7,0.0,1.4,1012.1
2025-08-06,Parakou,30.3,73.8,0.0,2.7,1014.6
2025-08-06,Natitingou,26.2,54.2,0.0,2.2,1012.7
2025-08-06,Kandi,27.2,49.4,1.9,2.3,1013.9
2025-08-06,Malanville,28.4,51.1,0.0,3.3,1015.9
2025-08-07,Cotonou,27.9,89.8,2.6,2.2,1010.1
2025-08-07,Porto-Novo,28.7,81.5,5.7,2.9,1008.0
2025-08-07,Ouidah,29.0,83.5,0.0,2.8,1010.8
2025-08-07,Abomey-Calavi,28.0,78.7,0.0,2.3,1009.6
2025-08-07,Bohicon,28.4,66.8,0.0,2.0,1011.9
2025-08-07,Abomey,27.8,71.0,0.0,2.5,1009.3
2025-08-07,Parakou,26.1,62.4,1.8,2.1,1013.3
2025-08-07,Natitingou,23.9,48.2,0.0,1.7,1012.9
2025-08-07,Kandi,27.1,49.4,0.0,2.1,1011.0
2025-08-07,Malanville,26.9,62.4,0.0,3.0,1013.4
2025-08-08,Cotonou,26.9,78.1,3.4,2.3,1016.4
2025-08-08,Porto-Novo,28.0,77.5,0.0,2.6,1013.6
2025-08-08,Ouidah,29.2,78.7,1.3,2.9,1010.3
2025-08-08,Abomey-Calavi,29.6,75.3,0.0,2.3,1009.5
2025-08-08,Bohicon,26.4,72.3,0.0,1.3,1014.9
2025-08-08,Abomey,27.5,71.6,5.6,3.5,1009.5
2025-08-08,Parakou,25.0,54.1,0.0,2.0,1012.7
2025-08-08,Natitingou,25.0,58.7,0.0,2.3,1013.0
2025-08-08,Kandi,30.7,54.3,0.5,2.1,1013.4
2025-08-08,Malanville,28.0,54.2,0.4,3.0,1013.1
2025-08-09,Cotonou,27.2,79.1,1.2,2.7,1010.4
2025-08-09,Porto-Novo,26.7,81.3,0.0,3.6,1015.9
2025-08-09,Ouidah,26.6,90.9,0.0,2.4,1007.6
2025-08-09,Abomey-Calavi,27.1,69.4,16.6,2.4,1013.1
2025-08-09,Bohicon,26.4,72.0,2.4,2.6,1011.1
2025-08-09,Abomey,28.8,64.7,0.0,1.1,1013.6
2025-08-09,Parakou,26.8,64.5,0.0,2.7,1012.9
2025-08-09,Natitingou,24.2,60.4,0.0,2.5,1016.7
2025-08-09,Kandi,24.3,56.0,0.0,4.0,1010.4
2025-08-09,Malanville,28.8,47.9,0.0,2.7,1012.9
2025-08-10,Cotonou,27.2,82.7,14.2,2.8,1014.5
2025-08-10,Porto-Novo,27.2,82.8,0.0,3.8,1014.9
2025-08-10,Ouidah,27.3,91.6,0.0,1.2,1013.1
2025-08-10,Abomey-Calavi,28.5,75.9,8.8,2.6,1008.8
2025-08-10,Bohicon,28.6,68.4,0.0,2.5,1012.6
2025-08-10,Abomey,25.2,63.0,6.0,1.7,1013.9
2025-08-10,Parakou,26.2,61.3,0.0,3.2,1008.9
2025-08-10,Natitingou,25.9,60.9,0.0,2.2,1012.1
2025-08-10,Kandi,28.6,61.5,0.0,2.7,1013.0
2025-08-10,Malanville,29.3,47.9,0.0,2.5,1011.5
2025-08-11,Cotonou,26.5,84.4,0.0,2.7,1011.5
2025-08-11,Porto-Novo,28.2,74.9,1.0,3.2,1009.1
2025-08-11,Ouidah,26.8,83.0,0.0,2.4,1009.4
2025-08-11,Abomey-Calavi,27.0,77.8,0.0,2.6,1011.5
2025-08-11,Bohicon,26.7,65.7,0.0,3.2,1015.5
2025-08-11,Abomey,27.4,66.3,2.2,2.4,1013.9
2025-08-11,Parakou,24.2,63.3,0.0,2.3,1015.8
2025-08-11,Natitingou,24.2,61.4,0.0,2.9,1010.1
2025-08-11,Kandi,28.8,54.0,1.5,2.8,1017.3
2025-08-11,Malanville,29.7,51.6,0.0,3.9,1014.2
2025-08-12,Cotonou,28.2,81.2,2.9,3.4,1014.0
2025-08-12,Porto-Novo,31.8,76.1,3.1,2.6,1011.6
2025-08-12,Ouidah,27.9,81.1,5.3,2.9,1015.5
2025-08-12,Abomey-Calavi,27.7,77.0,3.0,2.8,1011.9
2025-08-12,Bohicon,26.1,64.6,0.0,1.7,1012.8
2025-08-12,Abomey,24.8,72.8,0.0,1.1,1012.5
2025-08-12,Parakou,28.0,61.9,0.0,2.6,1014.0
2025-08-12,Natitingou,24.3,64.4,0.0,2.2,1013.6
2025-08-12,Kandi,28.3,45.7,2.3,2.1,1015.7
2025-08-12,Malanville,28.4,47.5,0.5,3.0,1012.1
2025-08-13,Cotonou,28.0,74.0,0.0,2.7,1010.0
2025-08-13,Porto-Novo,28.8,78.7,0.0,3.1,1012.8
2025-08-13,Ouidah,26.3,81.9,0.0,3.6,1007.3
2025-08-13,Abomey-Calavi,25.2,80.2,0.0,3.1,1014.9
2025-08-13,Bohicon,27.0,70.3,0.9,4.2,1012.6
2025-08-13,Abomey,27.2,70.6,0.7,2.3,1014.0
2025-08-13,Parakou,26.3,64.5,0.0,3.0,1014.0
2025-08-13,Natitingou,24.4,69.5,0.0,2.1,1017.0
2025-08-13,Kandi,27.8,48.5,0.0,3.4,1018.8
2025-08-13,Malanville,32.4,55.4,1.3,3.3,1014.6
2025-08-14,Cotonou,31.4,81.6,1.8,3.2,1014.6
2025-08-14,Porto-Novo,27.2,74.0,6.8,2.8,1013.8
2025-08-14,Ouidah,25.1,71.8,17.0,2.1,1012.9
2025-08-14,Abomey-Calavi,27.6,81.1,0.0,1.7,1016.6
2025-08-14,Bohicon,29.7,68.3,0.0,1.7,1012.0
2025-08-14,Abomey,27.3,71.3,0.0,0.9,1008.8
2025-08-14,Parakou,27.1,69.5,4.1,1.6,1016.4
2025-08-14,Natitingou,25.8,64.7,0.0,2.7,1016.7
2025-08-14,Kandi,28.8,45.4,0.0,1.5,1013.7
2025-08-14,Malanville,30.6,52.4,0.0,1.4,1016.8
2025-08-15,Cotonou,30.1,83.5,0.0,2.8,1010.1
2025-08-15,Porto-Novo,30.1,76.2,4.6,3.4,1012.0
2025-08-15,Ouidah,25.2,78.8,0.0,3.4,1011.4
2025-08-15,Abomey-Calavi,29.7,83.5,0.0,2.8,1015.8
2025-08-15,Bohicon,26.7,78.6,0.0,2.3,1012.7
2025-08-15,Abomey,27.0,71.7,1.2,1.2,1008.5
2025-08-15,Parakou,27.5,67.2,0.0,3.1,1010.7
2025-08-15,Natitingou,24.2,61.1,0.0,2.4,1013.8
2025-08-15,Kandi,26.5,55.3,0.0,2.7,1017.1
2025-08-15,Malanville,31.0,46.4,0.0,2.4,1013.7
2025-08-16,Cotonou,26.2,75.1,0.0,1.9,1010.1
2025-08-16,Porto-Novo,30.1,83.0,0.0,2.5,1008.2
2025-08-16,Ouidah,26.5,88.5,6.9,2.9,1012.7
2025-08-16,Abomey-Calavi,24.7,76.4,4.4,0.4,1009.0
2025-08-16,Bohicon,28.4,63.8,0.0,2.3,1011.6
2025-08-16,Abomey,25.9,74.3,0.0,3.2,1012.2
2025-08-16,Parakou,27.0,66.4,1.9,2.1,1013.6
2025-08-16,Natitingou,26.0,55.1,2.7,2.5,1016.3
2025-08-16,Kandi,26.8,50.3,0.0,3.5,1017.7
2025-08-16,Malanville,29.3,43.6,0.0,2.7,1013.6
2025-08-17,Cotonou,27.8,77.3,0.0,2.4,1015.5
2025-08-17,Porto-Novo,27.9,75.0,0.0,2.1,1013.1
2025-08-17,Ouidah,28.5,70.3,0.0,2.2,1011.7
2025-08-17,Abomey-Calavi,29.7,75.2,4.0,2.0,1013.8
2025-08-17,Bohicon,27.1,72.7,8.6,2.4,1010.8
2025-08-17,Abomey,26.8,69.7,0.0,2.3,1013.0
2025-08-17,Parakou,23.9,65.2,0.0,3.2,1015.5
2025-08-17,Natitingou,23.6,65.1,0.0,1.2,1017.4
2025-08-17,Kandi,28.6,44.7,0.0,1.8,1012.1
2025-08-17,Malanville,28.9,51.8,0.0,3.1,1010.7
2025-08-18,Cotonou,27.9,79.2,0.0,1.9,1012.2
2025-08-18,Porto-Novo,24.6,72.6,0.0,2.5,1009.8
2025-08-18,Ouidah,24.8,83.4,5.4,2.6,1012.4
2025-08-18,Abomey-Calavi,27.9,78.3,0.0,2.1,1006.6
2025-08-18,Bohicon,28.2,73.0,0.0,3.4,1012.4
2025-08-18,Abomey,26.1,72.2,0.0,2.1,1013.8
2025-08-18,Parakou,27.3,65.2,0.0,4.1,1011.3
2025-08-18,Natitingou,26.0,57.0,0.0,3.2,1013.4
2025-08-18,Kandi,30.3,46.3,5.5,3.1,1016.6
2025-08-18,Malanville,27.5,51.1,0.0,2.8,1017.4
2025-08-19,Cotonou,28.7,81.5,9.7,1.9,1013.1
2025-08-19,Porto-Novo,27.8,80.1,0.0,1.4,1007.7
2025-08-19,Ouidah,29.2,75.9,0.0,2.7,1013.9
2025-08-19,Abomey-Calavi,26.2,67.1,2.2,1.1,1014.9
2025-08-19,Bohicon,27.6,74.4,0.0,1.5,1014.0
2025-08-19,Abomey,24.7,69.2,1.4,2.5,1010.8
2025-08-19,Parakou,24.6,71.1,0.0,1.7,1013.4
2025-08-19,Natitingou,24.5,54.5,0.0,0.6,1019.1
2025-08-19,Kandi,28.0,51.6,0.0,3.2,1012.0
2025-08-19,Malanville,25.9,58.4,2.0,3.0,1012.8
2025-08-20,Cotonou,26.6,73.2,0.0,2.4,1009.4
2025-08-20,Porto-Novo,30.3,82.3,4.1,2.4,1008.1
2025-08-20,Ouidah,24.1,75.3,0.0,2.8,1010.3
2025-08-20,Abomey-Calavi,29.1,69.3,0.0,1.5,1011.5
2025-08-20,Bohicon,26.1,68.7,0.0,3.3,1011.8
2025-08-20,Abomey,25.9,61.4,0.0,1.5,1017.0
2025-08-20,Parakou,24.4,71.9,0.0,2.5,1012.5
2025-08-20,Natitingou,24.5,62.6,0.0,2.8,1016.6
2025-08-20,Kandi,25.3,57.2,0.0,2.4,1014.2
2025-08-20,Malanville,29.3,45.8,2.5,2.8,1014.4
2025-08-21,Cotonou,29.3,83.4,1.5,2.8,1012.2
2025-08-21,Porto-Novo,28.3,81.8,0.0,2.9,1013.2
2025-08-21,Ouidah,28.9,80.0,1.2,3.1,1011.2
2025-08-21,Abomey-Calavi,28.5,72.6,0.0,2.7,1011.8
2025-08-21,Bohicon,26.8,69.3,0.0,2.2,1016.5
2025-08-21,Abomey,27.3,72.8,0.0,1.6,1016.1
2025-08-21,Parakou,27.9,60.2,0.0,1.9,1013.4
2025-08-21,Natitingou,25.3,64.2,0.0,2.2,1011.9
2025-08-21,Kandi,28.1,61.6,0.0,3.0,1016.3
2025-08-21,Malanville,28.1,51.6,0.0,2.1,1016.2
2025-08-22,Cotonou,28.1,82.4,0.4,3.0,1012.2
2025-08-22,Porto-Novo,29.2,73.1,0.0,1.6,1013.3
2025-08-22,Ouidah,25.4,83.5,0.0,3.4,1010.9
2025-08-22,Abomey-Calavi,29.6,80.7,0.0,0.8,1012.5
2025-08-22,Bohicon,26.8,73.6,0.0,2.0,1014.1
2025-08-22,Abomey,28.3,77.6,2.8,2.1,1015.0
2025-08-22,Parakou,23.8,63.9,2.1,1.8,1010.1
2025-08-22,Natitingou,25.5,64.1,0.0,2.3,1014.1
2025-08-22,Kandi,29.3,61.0,0.0,1.7,1013.3
2025-08-22,Malanville,27.3,57.5,0.4,2.4,1016.3
2025-08-23,Cotonou,28.8,79.7,0.0,3.5,1013.8
2025-08-23,Porto-Novo,28.0,84.3,0.0,2.2,1016.7
2025-08-23,Ouidah,26.0,83.6,3.2,2.1,1010.3
2025-08-23,Abomey-Calavi,29.1,78.7,12.9,2.8,1009.9
2025-08-23,Bohicon,27.9,71.1,5.1,2.4,1013.2
2025-08-23,Abomey,26.9,67.4,0.0,2.0,1013.2
2025-08-23,Parakou,27.1,62.0,0.0,3.1,1010.9
2025-08-23,Natitingou,25.9,64.1,0.0,2.6,1016.0
2025-08-23,Kandi,26.6,50.2,0.0,2.6,1015.1
2025-08-23,Malanville,26.0,51.2,1.7,2.6,1010.2
2025-08-24,Cotonou,27.1,83.6,9.8,2.9,1012.3
2025-08-24,Porto-Novo,27.2,74.5,0.0,1.0,1009.0
2025-08-24,Ouidah,25.7,81.9,0.0,2.1,1013.6
2025-08-24,Abomey-Calavi,24.9,73.8,1.0,2.0,1016.0
2025-08-24,Bohicon,26.6,71.4,11.5,3.0,1011.9
2025-08-24,Abomey,25.7,65.5,0.0,2.6,1015.0
2025-08-24,Parakou,25.9,59.6,0.0,2.2,1016.5
2025-08-24,Natitingou,24.7,51.3,0.0,2.9,1013.0
2025-08-24,Kandi,24.7,49.1,0.0,1.8,1013.3
2025-08-24,Malanville,28.9,47.4,0.0,2.6,1013.3
2025-08-25,Cotonou,26.9,80.6,8.6,2.0,1016.6
2025-08-25,Porto-Novo,29.0,76.5,2.3,3.6,1011.1
2025-08-25,Ouidah,28.0,75.5,0.0,3.0,1013.4
2025-08-25,Abomey-Calavi,27.2,79.5,0.0,1.7,1010.6
2025-08-25,Bohicon,28.2,67.2,0.0,3.3,1014.9
2025-08-25,Abomey,28.7,75.1,1.1,2.3,1012.2
2025-08-25,Parakou,25.5,59.3,1.3,2.4,1012.8
2025-08-25,Natitingou,25.0,56.0,0.0,1.7,1017.2
2025-08-25,Kandi,24.0,58.3,0.0,2.4,1016.4
2025-08-25,Malanville,28.0,58.6,0.0,2.5,1013.1
2025-08-26,Cotonou,27.3,86.1,0.0,2.8,1010.2
2025-08-26,Porto-Novo,26.6,78.2,5.7,2.5,1011.9
2025-08-26,Ouidah,28.0,78.8,0.0,2.4,1016.3
2025-08-26,Abomey-Calavi,29.6,75.7,8.9,1.7,1010.7
2025-08-26,Bohicon,28.5,70.2,7.2,1.7,1012.5
2025-08-26,Abomey,24.1,67.0,1.4,1.9,1014.9
2025-08-26,Parakou,24.0,66.1,0.0,3.2,1017.1
2025-08-26,Natitingou,26.4,63.1,0.0,1.9,1018.3
2025-08-26,Kandi,29.2,56.1,5.1,2.5,1015.3
2025-08-26,Malanville,28.8,56.4,0.0,2.0,1013.2
2025-08-27,Cotonou,27.8,83.5,3.8,1.9,1010.0
2025-08-27,Porto-Novo,28.7,75.7,8.4,1.2,1012.8
2025-08-27,Ouidah,26.1,81.6,0.0,1.5,1009.7
2025-08-27,Abomey-Calavi,26.6,76.2,0.0,1.4,1010.4
2025-08-27,Bohicon,25.1,77.4,2.3,2.8,1012.9
2025-08-27,Abomey,27.6,65.7,1.7,2.1,1016.9
2025-08-27,Parakou,24.0,66.9,0.0,1.9,1015.9
2025-08-27,Natitingou,22.9,59.7,0.0,2.4,1015.7
2025-08-27,Kandi,27.8,60.0,0.0,2.0,1014.5
2025-08-27,Malanville,29.9,46.5,0.0,3.1,1010.5
2025-08-28,Cotonou,28.9,80.7,0.0,3.9,1014.9
2025-08-28,Porto-Novo,29.2,84.6,17.4,3.2,1011.4
2025-08-28,Ouidah,30.0,80.4,19.6,2.0,1012.3
2025-08-28,Abomey-Calavi,28.0,80.2,0.0,2.7,1007.1
2025-08-28,Bohicon,27.6,70.2,0.0,3.6,1011.6
2025-08-28,Abomey,26.8,79.4,2.9,1.8,1014.1
2025-08-28,Parakou,25.6,68.3,0.0,2.8,1013.9
2025-08-28,Natitingou,24.3,62.8,1.9,2.1,1012.2
2025-08-28,Kandi,29.3,56.1,2.7,2.6,1017.3
2025-08-28,Malanville,30.7,55.6,0.0,1.8,1014.5
2025-08-29,Cotonou,28.5,84.4,0.0,2.9,1012.4
2025-08-29,Porto-Novo,26.9,80.3,0.0,2.4,1013.6
2025-08-29,Ouidah,25.3,77.5,0.0,3.0,1007.0
2025-08-29,Abomey-Calavi,27.0,83.8,0.0,2.1,1011.7
2025-08-29,Bohicon,24.5,71.5,0.0,1.3,1010.7
2025-08-29,Abomey,26.6,71.6,0.0,1.6,1012.3
2025-08-29,Parakou,27.3,60.4,0.0,1.8,1012.8
2025-08-29,Natitingou,26.0,59.7,0.0,2.1,1014.0
2025-08-29,Kandi,27.0,61.3,0.0,1.5,1013.2
2025-08-29,Malanville,27.6,52.5,0.0,2.7,1012.2
2025-08-30,Cotonou,28.2,76.1,0.0,2.8,1010.1
2025-08-30,Porto-Novo,27.7,92.1,0.0,2.9,1014.3
2025-08-30,Ouidah,26.7,87.8,0.0,2.7,1011.2
2025-08-30,Abomey-Calavi,26.3,75.7,0.0,1.9,1007.4
2025-08-30,Bohicon,27.2,75.4,0.0,1.6,1015.1
2025-08-30,Abomey,29.5,78.4,17.7,2.1,1014.0
2025-08-30,Parakou,26.7,70.5,0.6,3.0,1012.9
2025-08-30,Natitingou,24.3,65.3,3.4,0.8,1015.1
2025-08-30,Kandi,29.9,57.5,0.0,2.1,1014.0
2025-08-30,Malanville,31.7,50.2,0.0,2.2,1012.6
2025-08-31,Cotonou,27.3,77.8,6.6,2.4,1011.9
2025-08-31,Porto-Novo,27.6,76.6,20.8,1.2,1014.7
2025-08-31,Ouidah,28.2,87.8,4.8,2.5,1013.7
2025-08-31,Abomey-Calavi,26.7,77.8,0.0,2.3,1017.4
2025-08-31,Bohicon,26.3,69.6,0.0,2.2,1015.8
2025-08-31,Abomey,25.4,80.3,0.0,1.9,1013.4
2025-08-31,Parakou,28.1,71.7,0.0,1.5,1012.8
2025-08-31,Natitingou,23.6,55.0,0.0,0.8,1013.2
2025-08-31,Kandi,25.2,56.3,0.0,1.9,1012.8
2025-08-31,Malanville,29.0,56.6,0.0,2.4,1015.3
2025-09-01,Cotonou,27.5,74.2,1.8,1.3,1011.0
2025-09-01,Porto-Novo,28.0,93.0,0.0,2.6,1013.5
2025-09-01,Ouidah,25.9,81.5,0.0,1.9,1013.6
2025-09-01,Abomey-Calavi,28.2,81.2,0.0,2.5,1012.1
2025-09-01,Bohicon,25.5,81.4,0.0,2.3,1012.2
2025-09-01,Abomey,26.2,71.0,0.0,2.5,1014.7
2025-09-01,Parakou,27.5,60.8,0.0,1.7,1013.0
2025-09-01,Natitingou,25.7,56.4,0.0,2.2,1016.0
2025-09-01,Kandi,26.9,60.1,7.1,3.0,1011.9
2025-09-01,Malanville,28.1,63.8,0.0,3.6,1010.5
2025-09-02,Cotonou,24.0,85.0,5.0,1.9,1014.9
2025-09-02,Porto-Novo,27.9,76.7,0.0,3.8,1013.9
2025-09-02,Ouidah,27.0,84.1,0.0,3.4,1012.4
2025-09-02,Abomey-Calavi,27.9,76.9,0.1,3.7,1010.0
2025-09-02,Bohicon,25.6,62.6,2.6,1.8,1012.4
2025-09-02,Abomey,25.1,64.8,0.9,1.4,1015.6
2025-09-02,Parakou,24.6,61.8,0.0,1.1,1012.4
2025-09-02,Natitingou,24.9,58.5,0.0,1.3,1015.5
2025-09-02,Kandi,31.5,54.2,0.0,3.0,1015.2
2025-09-02,Malanville,29.1,58.7,3.6,2.2,1015.0
2025-09-03,Cotonou,29.6,85.8,0.0,1.6,1010.8
2025-09-03,Porto-Novo,26.6,82.0,0.0,3.2,1011.8
2025-09-03,Ouidah,24.3,76.8,3.8,2.5,1012.9
2025-09-03,Abomey-Calavi,27.9,89.6,6.0,1.3,1012.6
2025-09-03,Bohicon,24.9,76.7,0.0,2.6,1014.9
2025-09-03,Abomey,27.9,69.9,0.0,2.9,1012.2
2025-09-03,Parakou,26.2,64.4,0.0,3.0,1013.6
2025-09-03,Natitingou,20.8,61.2,4.0,1.6,1019.6
2025-09-03,Kandi,26.6,55.0,0.0,1.7,1012.1
2025-09-03,Malanville,26.8,54.5,0.9,2.9,1012.3
2025-09-04,Cotonou,27.7,86.4,0.0,2.5,1009.9
2025-09-04,Porto-Novo,24.3,79.1,0.0,1.6,1010.8
2025-09-04,Ouidah,24.0,87.9,0.0,1.4,1013.7
2025-09-04,Abomey-Calavi,25.7,78.3,0.0,2.9,1013.1
2025-09-04,Bohicon,25.0,75.9,0.0,0.8,1014.2
2025-09-04,Abomey,29.2,66.3,0.0,2.1,1015.6
2025-09-04,Parakou,24.9,62.1,0.0,2.2,1013.8
2025-09-04,Natitingou,25.3,70.8,0.0,1.9,1017.7
2025-09-04,Kandi,30.7,59.2,0.0,1.8,1015.9
2025-09-04,Malanville,30.8,50.8,0.0,2.9,1012.1
2025-09-05,Cotonou,25.9,85.1,0.0,2.9,1009.5
2025-09-05,Porto-Novo,26.5,87.5,8.1,2.3,1012.5
2025-09-05,Ouidah,27.8,84.6,0.0,4.6,1011.4
2025-09-05,Abomey-Calavi,28.9,82.5,12.7,2.4,1012.4
2025-09-05,Bohicon,28.2,78.2,1.6,1.3,1014.7
2025-09-05,Abomey,25.9,72.3,0.0,2.3,1012.7
2025-09-05,Parakou,27.8,63.4,0.0,2.2,1017.3
2025-09-05,Natitingou,22.9,63.9,0.0,2.0,1016.5
2025-09-05,Kandi,24.1,58.6,0.0,2.3,1017.2
2025-09-05,Malanville,30.0,54.2,0.7,2.5,1015.6
2025-09-06,Cotonou,27.7,77.8,10.1,4.1,1015.1
2025-09-06,Porto-Novo,26.1,89.6,0.0,2.1,1013.9
2025-09-06,Ouidah,28.1,75.7,4.1,2.5,1010.7
2025-09-06,Abomey-Calavi,26.6,84.5,0.0,2.9,1014.2
2025-09-06,Bohicon,26.9,69.1,1.1,1.3,1019.8
2025-09-06,Abomey,28.1,72.3,0.0,3.1,1009.9
2025-09-06,Parakou,26.2,59.8,6.2,2.2,1014.4
2025-09-06,Natitingou,22.3,72.0,0.0,1.5,1013.2
2025-09-06,Kandi,29.3,45.0,0.0,3.5,1016.7
2025-09-06,Malanville,26.9,49.7,4.1,3.2,1014.4
2025-09-07,Cotonou,26.1,81.5,0.0,2.4,1011.8
2025-09-07,Porto-Novo,28.2,83.2,0.0,1.8,1014.6
2025-09-07,Ouidah,27.4,86.0,4.5,2.8,1014.4
2025-09-07,Abomey-Calavi,26.9,81.4,0.0,2.8,1013.5
2025-09-07,Bohicon,26.4,73.4,0.0,1.7,1016.6
2025-09-07,Abomey,28.5,62.9,0.0,2.5,1012.1
2025-09-07,Parakou,27.0,67.6,0.0,2.6,1013.4
2025-09-07,Natitingou,25.4,69.1,2.0,3.3,1010.8
2025-09-07,Kandi,26.6,58.8,0.0,1.6,1013.9
2025-09-07,Malanville,27.2,49.4,0.0,2.4,1014.8
2025-09-08,Cotonou,26.9,87.0,0.0,2.2,1012.5
2025-09-08,Porto-Novo,27.5,92.6,0.0,3.1,1014.8
2025-09-08,Ouidah,28.0,78.8,0.0,2.6,1012.5
2025-09-08,Abomey-Calavi,29.2,72.2,2.5,1.7,1010.4
2025-09-08,Bohicon,27.8,67.2,4.7,3.2,1017.8
2025-09-08,Abomey,25.6,56.4,3.0,1.9,1017.6
2025-09-08,Parakou,26.2,62.3,0.0,2.7,1014.9
2025-09-08,Natitingou,24.3,57.6,0.0,1.6,1016.9
2025-09-08,Kandi,24.7,50.5,0.0,2.4,1018.9
2025-09-08,Malanville,29.3,57.2,0.0,0.6,1014.9
2025-09-09,Cotonou,26.5,84.4,7.5,2.9,1015.0
2025-09-09,Porto-Novo,28.5,82.5,0.0,2.5,1012.8
2025-09-09,Ouidah,24.7,82.5,3.2,1.6,1011.3
2025-09-09,Abomey-Calavi,26.7,71.4,7.2,2.6,1012.1
2025-09-09,Bohicon,24.0,75.6,0.0,1.7,1011.8
2025-09-09,Abomey,24.5,68.4,0.0,2.2,1014.3
2025-09-09,Parakou,27.3,72.3,0.0,1.3,1009.0
2025-09-09,Natitingou,25.0,57.1,0.0,2.2,1017.2
2025-09-09,Kandi,29.3,60.7,0.0,1.4,1014.9
2025-09-09,Malanville,28.9,52.6,4.3,1.4,1015.4
2025-09-10,Cotonou,28.6,84.9,5.9,3.0,1015.6
2025-09-10,Porto-Novo,24.0,81.0,0.0,3.2,1015.5
2025-09-10,Ouidah,28.7,80.7,0.0,1.9,1009.8
2025-09-10,Abomey-Calavi,26.6,83.1,7.8,3.4,1015.3
2025-09-10,Bohicon,25.2,72.2,0.0,3.8,1015.7
2025-09-10,Abomey,28.6,78.3,3.8,3.8,1015.6
2025-09-10,Parakou,24.6,75.7,0.0,1.5,1014.6
2025-09-10,Natitingou,24.7,65.0,0.0,1.8,1012.4
2025-09-10,Kandi,26.6,60.0,2.6,2.4,1012.9
2025-09-10,Malanville,28.9,47.4,0.0,1.7,1009.9
2025-09-11,Cotonou,26.0,80.9,1.0,1.5,1013.9
2025-09-11,Porto-Novo,26.0,82.1,0.0,1.5,1010.4
2025-09-11,Ouidah,27.7,82.9,0.0,2.2,1013.4
2025-09-11,Abomey-Calavi,30.0,82.2,0.0,3.0,1015.7
2025-09-11,Bohicon,27.3,78.1,3.3,2.2,1014.6
2025-09-11,Abomey,26.1,83.0,0.0,3.1,1013.7
2025-09-11,Parakou,28.3,59.0,7.8,1.8,1014.4
2025-09-11,Natitingou,26.6,60.5,0.1,1.9,1016.4
2025-09-11,Kandi,27.3,48.7,0.0,0.2,1015.1
2025-09-11,Malanville,29.0,43.8,1.2,2.6,1018.2
2025-09-12,Cotonou,27.2,90.5,0.0,2.1,1014.5
2025-09-12,Porto-Novo,28.9,88.3,0.0,2.3,1014.4
2025-09-12,Ouidah,29.3,84.0,6.7,2.7,1014.6
2025-09-12,Abomey-Calavi,28.6,82.9,0.0,3.4,1013.5
2025-09-12,Bohicon,26.2,68.2,0.0,2.3,1009.5
2025-09-12,Abomey,24.2,75.0,0.0,2.4,1015.7
2025-09-12,Parakou,26.2,67.0,5.1,1.7,1014.9
2025-09-12,Natitingou,25.1,56.3,0.0,2.3,1016.9
2025-09-12,Kandi,29.1,54.5,0.0,0.9,1017.0
2025-09-12,Malanville,27.1,60.3,0.0,2.3,1010.9
2025-09-13,Cotonou,27.9,76.9,2.5,3.2,1016.4
2025-09-13,Porto-Novo,25.8,83.4,0.0,3.5,1011.2
2025-09-13,Ouidah,27.3,81.1,6.1,1.7,1009.5
2025-09-13,Abomey-Calavi,25.9,82.1,0.0,2.4,1008.5
2025-09-13,Bohicon,25.8,68.3,0.0,1.9,1012.7
2025-09-13,Abomey,23.6,74.9,0.0,2.2,1014.4
2025-09-13,Parakou,25.0,75.4,0.0,2.7,1016.9
2025-09-13,Natitingou,25.4,66.2,4.6,0.7,1013.9
2025-09-13,Kandi,28.7,58.6,0.0,3.2,1017.7
2025-09-13,Malanville,28.0,51.9,0.9,2.8,1018.1
2025-09-14,Cotonou,28.3,75.7,0.0,2.8,1012.4
2025-09-14,Porto-Novo,27.2,83.2,0.0,2.4,1017.0
2025-09-14,Ouidah,27.2,88.4,0.0,2.6,1013.9
2025-09-14,Abomey-Calavi,25.4,83.9,0.0,2.5,1015.9
2025-09-14,Bohicon,27.7,68.4,0.0,2.0,1013.7
2025-09-14,Abomey,24.2,69.2,4.9,1.3,1013.6
2025-09-14,Parakou,26.7,63.4,0.0,2.1,1012.7
2025-09-14,Natitingou,24.3,52.6,2.3,1.7,1018.2
2025-09-14,Kandi,28.4,58.4,2.2,2.4,1016.4
2025-09-14,Malanville,28.1,54.2,0.0,3.2,1013.2
2025-09-15,Cotonou,28.4,78.2,0.0,2.4,1012.8
2025-09-15,Porto-Novo,27.7,81.7,9.1,1.5,1016.1
2025-09-15,Ouidah,27.1,79.4,4.1,1.5,1013.5
2025-09-15,Abomey-Calavi,28.5,85.1,0.0,1.6,1012.9
2025-09-15,Bohicon,26.0,68.1,0.0,1.5,1015.0
2025-09-15,Abomey,25.7,75.8,4.9,1.0,1016.5
2025-09-15,Parakou,27.2,70.6,0.0,3.2,1014.6
2025-09-15,Natitingou,24.4,71.0,6.7,1.7,1013.1
2025-09-15,Kandi,27.0,57.7,0.8,2.5,1015.4
2025-09-15,Malanville,27.5,47.6,0.0,3.0,1017.4
2025-09-16,Cotonou,26.0,76.2,7.9,3.0,1012.3
2025-09-16,Porto-Novo,25.6,81.3,1.5,2.4,1012.1
2025-09-16,Ouidah,28.6,77.6,11.6,2.4,1012.9
2025-09-16,Abomey-Calavi,24.7,82.2,4.2,2.0,1011.1
2025-09-16,Bohicon,25.8,69.4,0.0,2.3,1013.5
2025-09-16,Abomey,27.2,74.7,0.0,2.0,1015.7
2025-09-16,Parakou,23.6,62.0,0.0,3.3,1012.7
2025-09-16,Natitingou,24.4,56.5,0.0,1.5,1015.2
2025-09-16,Kandi,28.3,56.8,0.0,1.1,1015.6
2025-09-16,Malanville,30.1,57.1,2.3,2.3,1015.3
2025-09-17,Cotonou,30.2,85.5,18.3,2.5,1014.7
2025-09-17,Porto-Novo,26.5,77.5,6.8,2.6,1010.9
2025-09-17,Ouidah,25.7,82.8,0.0,1.2,1011.8
2025-09-17,Abomey-Calavi,26.5,75.5,2.4,1.7,1014.0
2025-09-17,Bohicon,26.7,83.6,0.0,1.9,1008.3
2025-09-17,Abomey,27.7,69.0,0.0,2.1,1012.0
2025-09-17,Parakou,24.6,69.9,0.0,1.5,1016.1
2025-09-17,Natitingou,26.5,53.4,5.3,3.1,1016.3
2025-09-17,Kandi,27.2,57.8,1.8,2.8,1014.0
2025-09-17,Malanville,26.9,58.3,0.0,2.5,1016.8
2025-09-18,Cotonou,27.7,83.1,0.0,2.5,1012.9
2025-09-18,Porto-Novo,26.1,80.0,6.1,2.0,1012.8
2025-09-18,Ouidah,27.2,88.8,0.0,3.1,1012.4
2025-09-18,Abomey-Calavi,28.7,82.2,0.0,3.0,1014.4
2025-09-18,Bohicon,24.6,73.6,1.5,3.0,1012.7
2025-09-18,Abomey,25.5,72.4,0.0,1.7,1016.0
2025-09-18,Parakou,28.5,72.8,0.0,2.6,1013.2
2025-09-18,Natitingou,23.1,60.8,0.0,2.4,1012.6
2025-09-18,Kandi,27.2,53.0,0.0,1.8,1016.2
2025-09-18,Malanville,28.1,52.9,0.0,2.8,1015.8
2025-09-19,Cotonou,27.0,82.6,13.1,4.6,1013.4
2025-09-19,Porto-Novo,28.1,84.1,0.0,2.2,1014.4
2025-09-19,Ouidah,26.8,80.3,0.0,2.6,1014.1
2025-09-19,Abomey-Calavi,27.5,83.6,21.3,1.8,1012.8
2025-09-19,Bohicon,24.7,71.0,0.0,1.4,1015.1
2025-09-19,Abomey,27.6,68.5,0.0,2.3,1012.4
2025-09-19,Parakou,26.5,66.0,2.0,2.0,1016.0
2025-09-19,Natitingou,26.5,53.1,0.0,1.3,1014.9
2025-09-19,Kandi,27.5,64.5,0.0,2.6,1015.5
2025-09-19,Malanville,26.5,60.1,4.0,1.8,1014.3
2025-09-20,Cotonou,26.7,82.0,0.0,3.4,1012.3
2025-09-20,Porto-Novo,25.3,82.3,19.3,0.9,1010.8
2025-09-20,Ouidah,24.9,88.0,0.0,3.2,1010.7
2025-09-20,Abomey-Calavi,27.9,75.3,0.0,2.2,1009.6
2025-09-20,Bohicon,26.4,63.8,2.5,2.1,1011.1
2025-09-20,Abomey,25.0,70.1,0.0,1.9,1013.0
2025-09-20,Parakou,28.1,71.5,0.0,1.7,1018.0
2025-09-20,Natitingou,21.8,63.5,0.0,1.7,1015.9
2025-09-20,Kandi,26.0,59.3,0.0,1.2,1009.7
2025-09-20,Malanville,26.6,61.2,3.9,3.1,1017.6
2025-09-21,Cotonou,25.5,85.1,0.0,2.3,1011.8
2025-09-21,Porto-Novo,27.1,89.0,0.0,2.5,1016.1
2025-09-21,Ouidah,25.7,91.3,0.0,1.6,1009.2
2025-09-21,Abomey-Calavi,24.9,80.8,0.0,3.5,1013.4
2025-09-21,Bohicon,26.1,74.1,7.9,1.5,1012.9
2025-09-21,Abomey,28.4,74.4,0.0,1.1,1016.1
2025-09-21,Parakou,25.0,65.9,0.0,3.0,1016.2
2025-09-21,Natitingou,23.3,59.7,0.0,2.4,1014.6
2025-09-21,Kandi,24.6,54.3,6.2,1.1,1015.5
2025-09-21,Malanville,26.8,48.8,10.0,2.7,1012.9
2025-09-22,Cotonou,28.0,89.1,0.0,2.9,1011.4
2025-09-22,Porto-Novo,28.9,77.0,0.0,3.0,1016.3
2025-09-22,Ouidah,28.7,84.8,0.0,1.2,1010.2
2025-09-22,Abomey-Calavi,23.1,93.3,11.3,2.2,1014.2
2025-09-22,Bohicon,26.6,66.7,0.0,1.3,1019.1
2025-09-22,Abomey,26.5,71.6,0.0,2.2,1016.8
2025-09-22,Parakou,26.7,74.1,6.3,2.7,1017.4
2025-09-22,Natitingou,25.0,68.0,0.0,1.6,1016.0
2025-09-22,Kandi,26.8,54.3,0.0,3.2,1015.1
2025-09-22,Malanville,26.9,56.2,2.2,1.8,1011.5
2025-09-23,Cotonou,28.5,80.7,1.8,3.7,1015.3
2025-09-23,Porto-Novo,26.3,73.6,0.0,4.1,1010.3
2025-09-23,Ouidah,23.6,80.2,6.1,2.3,1012.3
2025-09-23,Abomey-Calavi,25.9,85.1,0.0,2.2,1014.0
2025-09-23,Bohicon,26.5,78.2,0.0,1.9,1015.3
2025-09-23,Abomey,28.9,68.3,0.0,2.5,1012.6
2025-09-23,Parakou,25.9,77.8,0.0,2.2,1015.8
2025-09-23,Natitingou,24.8,59.3,0.0,2.3,1018.2
2025-09-23,Kandi,23.4,55.6,0.0,3.1,1017.0
2025-09-23,Malanville,27.7,56.9,0.0,3.3,1013.3
2025-09-24,Cotonou,26.5,77.2,2.6,3.9,1014.2
2025-09-24,Porto-Novo,26.6,84.4,0.0,1.8,1014.0
2025-09-24,Ouidah,28.0,86.7,0.0,2.8,1011.2
2025-09-24,Abomey-Calavi,23.7,79.5,0.0,2.2,1010.4
2025-09-24,Bohicon,23.0,73.0,7.6,1.3,1016.2
2025-09-24,Abomey,24.7,74.0,2.8,2.5,1013.9
2025-09-24,Parakou,23.5,64.6,0.0,2.1,1011.7
2025-09-24,Natitingou,24.5,67.2,0.0,2.6,1013.5
2025-09-24,Kandi,28.8,51.2,2.1,1.8,1015.4
2025-09-24,Malanville,30.2,56.0,0.0,2.5,1012.1
2025-09-25,Cotonou,25.7,77.2,0.0,3.0,1009.7
2025-09-25,Porto-Novo,27.3,73.4,15.4,2.4,1012.0
2025-09-25,Ouidah,26.9,80.4,4.2,2.4,1014.4
2025-09-25,Abomey-Calavi,28.6,80.7,0.0,2.6,1011.6
2025-09-25,Bohicon,24.2,78.5,0.0,2.2,1017.0
2025-09-25,Abomey,25.0,70.7,5.4,2.3,1013.8
2025-09-25,Parakou,24.5,65.1,0.0,1.3,1015.5
2025-09-25,Natitingou,26.2,63.7,0.0,1.9,1017.7
2025-09-25,Kandi,25.9,55.4,0.0,2.8,1015.1
2025-09-25,Malanville,28.1,54.2,0.0,3.5,1015.8
2025-09-26,Cotonou,26.6,76.8,0.0,3.5,1012.5
2025-09-26,Porto-Novo,26.0,77.6,16.1,3.4,1013.0
2025-09-26,Ouidah,24.9,80.2,2.1,1.7,1012.5
2025-09-26,Abomey-Calavi,28.0,71.9,0.0,1.6,1013.8
2025-09-26,Bohicon,27.3,83.7,0.0,1.8,1014.9
2025-09-26,Abomey,26.1,65.9,2.4,1.7,1014.9
2025-09-26,Parakou,25.5,57.8,0.0,0.9,1012.6
2025-09-26,Natitingou,24.0,66.2,0.0,2.7,1011.9
2025-09-26,Kandi,26.7,63.5,0.0,3.4,1012.7
2025-09-26,Malanville,27.1,55.1,0.0,1.3,1015.1
2025-09-27,Cotonou,26.8,79.5,0.0,1.7,1010.7
2025-09-27,Porto-Novo,28.2,88.7,0.0,1.7,1013.3
2025-09-27,Ouidah,25.1,84.6,2.5,2.3,1012.0
2025-09-27,Abomey-Calavi,27.5,80.4,0.0,2.6,1011.7
2025-09-27,Bohicon,26.7,79.8,0.0,1.8,1014.7
2025-09-27,Abomey,26.7,67.1,4.4,3.8,1013.9
2025-09-27,Parakou,22.9,69.5,0.3,1.8,1016.5
2025-09-27,Natitingou,25.2,61.7,0.0,3.0,1016.9
2025-09-27,Kandi,29.0,56.2,0.2,3.5,1016.4
2025-09-27,Malanville,27.5,53.6,0.0,1.9,1014.8
2025-09-28,Cotonou,26.2,91.9,0.7,2.4,1013.3
2025-09-28,Porto-Novo,25.5,78.5,0.0,3.2,1012.4
2025-09-28,Ouidah,27.7,85.7,2.8,1.3,1014.2
2025-09-28,Abomey-Calavi,28.6,87.8,0.0,3.0,1008.6
2025-09-28,Bohicon,24.5,78.6,0.0,2.7,1016.5
2025-09-28,Abomey,26.3,71.4,1.1,2.3,1012.9
2025-09-28,Parakou,25.1,71.4,0.0,2.0,1016.5
2025-09-28,Natitingou,26.0,67.3,0.0,2.9,1012.8
2025-09-28,Kandi,24.1,59.8,0.0,2.4,1017.3
2025-09-28,Malanville,28.0,54.1,0.0,2.4,1019.4
2025-09-29,Cotonou,26.1,77.6,20.9,2.2,1011.5
2025-09-29,Porto-Novo,27.8,74.3,0.9,2.1,1013.4
2025-09-29,Ouidah,26.4,82.7,5.8,2.8,1008.9
2025-09-29,Abomey-Calavi,26.3,80.6,8.4,2.7,1009.4
2025-09-29,Bohicon,25.5,75.1,5.2,1.3,1011.7
2025-09-29,Abomey,26.2,72.5,0.0,2.5,1013.2
2025-09-29,Parakou,26.6,66.9,0.0,1.2,1013.2
2025-09-29,Natitingou,25.8,71.1,0.0,1.7,1014.8
2025-09-29,Kandi,24.9,59.5,0.0,2.7,1019.9
2025-09-29,Malanville,25.8,57.4,0.0,1.9,1018.0
2025-09-30,Cotonou,28.8,85.5,0.0,2.4,1011.9
2025-09-30,Porto-Novo,27.3,81.3,0.0,1.9,1016.4
2025-09-30,Ouidah,28.5,92.4,0.0,1.6,1013.8
2025-09-30,Abomey-Calavi,26.3,87.0,5.9,1.7,1011.0
2025-09-30,Bohicon,26.2,76.5,8.0,1.5,1007.9
2025-09-30,Abomey,23.4,67.6,0.0,2.1,1015.8
2025-09-30,Parakou,25.5,60.7,0.0,2.6,1017.8
2025-09-30,Natitingou,23.6,62.8,0.0,2.0,1011.9
2025-09-30,Kandi,26.5,60.8,5.9,1.1,1014.4
2025-09-30,Malanville,28.5,61.0,0.0,2.5,1013.8
2025-10-01,Cotonou,27.6,85.8,6.9,2.5,1014.8
2025-10-01,Porto-Novo,27.3,85.7,6.1,2.9,1016.3
2025-10-01,Ouidah,26.1,85.8,1.8,2.6,1009.5
2025-10-01,Abomey-Calavi,27.4,87.1,3.1,1.6,1015.5
2025-10-01,Bohicon,24.5,75.0,0.0,2.7,1013.3
2025-10-01,Abomey,24.5,69.5,0.0,1.7,1012.1
2025-10-01,Parakou,26.9,63.8,0.0,1.6,1016.6
2025-10-01,Natitingou,24.8,67.4,2.4,2.0,1016.8
2025-10-01,Kandi,29.0,57.0,0.0,0.8,1020.4
2025-10-01,Malanville,27.0,59.5,2.0,1.7,1014.0
2025-10-02,Cotonou,26.5,74.3,0.0,2.4,1009.1
2025-10-02,Porto-Novo,25.5,78.1,0.0,2.4,1016.1
2025-10-02,Ouidah,26.5,88.6,0.0,2.3,1011.7
2025-10-02,Abomey-Calavi,24.1,77.6,2.7,2.0,1010.0
2025-10-02,Bohicon,26.0,73.8,2.6,3.8,1013.9
2025-10-02,Abomey,26.8,76.8,0.0,0.9,1014.0
2025-10-02,Parakou,24.6,58.8,0.0,2.7,1013.5
2025-10-02,Natitingou,24.5,63.5,4.5,2.6,1014.1
2025-10-02,Kandi,25.1,57.6,0.2,2.4,1012.6
2025-10-02,Malanville,26.8,58.8,2.1,2.6,1014.2
2025-10-03,Cotonou,27.0,79.8,0.0,3.1,1011.0
2025-10-03,Porto-Novo,27.8,92.9,1.5,2.0,1015.4
2025-10-03,Ouidah,25.2,79.2,6.1,2.4,1009.8
2025-10-03,Abomey-Calavi,25.5,87.0,3.2,1.7,1015.1
2025-10-03,Bohicon,23.9,83.2,4.5,1.6,1018.8
2025-10-03,Abomey,24.1,66.4,0.0,1.7,1013.8
2025-10-03,Parakou,27.9,71.5,5.4,3.3,1015.2
2025-10-03,Natitingou,23.9,66.6,0.0,2.7,1015.2
2025-10-03,Kandi,24.8,58.0,0.0,2.5,1011.9
2025-10-03,Malanville,27.9,55.4,0.0,2.1,1015.3
2025-10-04,Cotonou,26.8,79.9,10.4,4.1,1016.3
2025-10-04,Porto-Novo,26.7,85.0,8.4,2.7,1012.1
2025-10-04,Ouidah,24.3,80.3,0.0,2.6,1016.1
2025-10-04,Abomey-Calavi,27.3,82.7,3.9,2.6,1014.2
2025-10-04,Bohicon,27.5,80.3,0.0,2.0,1010.9
2025-10-04,Abomey,27.8,69.9,0.0,2.4,1017.2
2025-10-04,Parakou,25.4,66.4,0.0,1.7,1015.7
2025-10-04,Natitingou,22.1,61.1,0.0,2.9,1012.8
2025-10-04,Kandi,26.8,56.4,0.0,2.3,1016.1
2025-10-04,Malanville,27.1,64.4,0.0,2.3,1014.4
2025-10-05,Cotonou,26.5,85.4,0.0,2.9,1013.0
2025-10-05,Porto-Novo,26.3,86.4,0.0,1.4,1011.5
2025-10-05,Ouidah,23.9,95.5,0.0,2.6,1012.6
2025-10-05,Abomey-Calavi,26.5,75.5,0.0,2.5,1016.4
2025-10-05,Bohicon,25.2,73.3,0.0,2.0,1014.1
2025-10-05,Abomey,28.6,81.4,3.8,2.8,1013.3
2025-10-05,Parakou,26.6,63.8,16.2,3.6,1013.2
2025-10-05,Natitingou,24.2,61.7,0.0,2.6,1014.6
2025-10-05,Kandi,26.1,61.1,2.3,2.4,1018.3
2025-10-05,Malanville,28.5,61.0,0.0,2.4,1016.9
2025-10-06,Cotonou,26.7,87.7,0.0,3.0,1014.8
2025-10-06,Porto-Novo,25.7,83.2,0.0,3.7,1012.2
2025-10-06,Ouidah,24.5,87.3,19.1,3.1,1015.5
2025-10-06,Abomey-Calavi,27.8,80.1,0.0,3.1,1011.6
2025-10-06,Bohicon,23.8,82.7,9.9,2.5,1016.2
2025-10-06,Abomey,25.6,71.1,5.6,3.1,1016.9
2025-10-06,Parakou,25.4,73.2,0.6,1.8,1014.3
2025-10-06,Natitingou,24.1,73.7,0.0,2.2,1014.7
2025-10-06,Kandi,26.4,52.1,6.8,1.5,1014.8
2025-10-06,Malanville,25.1,54.9,0.0,2.2,1015.7
2025-10-07,Cotonou,28.8,86.5,0.0,2.3,1010.8
2025-10-07,Porto-Novo,26.5,85.3,6.3,3.1,1014.0
2025-10-07,Ouidah,26.5,89.2,0.0,2.0,1013.0
2025-10-07,Abomey-Calavi,27.8,83.9,0.0,1.8,1016.0
2025-10-07,Bohicon,26.1,77.5,0.0,2.9,1012.7
2025-10-07,Abomey,26.7,70.5,5.8,2.5,1014.4
2025-10-07,Parakou,24.0,59.0,0.7,3.0,1013.4
2025-10-07,Natitingou,24.5,58.3,0.0,2.2,1018.2
2025-10-07,Kandi,27.5,49.6,0.0,2.1,1014.6
2025-10-07,Malanville,27.6,61.0,0.0,2.5,1014.6
2025-10-08,Cotonou,27.7,77.9,0.0,1.9,1015.9
2025-10-08,Porto-Novo,26.9,82.7,4.1,1.8,1011.0
2025-10-08,Ouidah,23.1,82.8,4.6,1.3,1012.2
2025-10-08,Abomey-Calavi,25.8,86.8,0.0,2.3,1016.8
2025-10-08,Bohicon,26.8,81.6,0.0,2.4,1014.8
2025-10-08,Abomey,24.5,78.5,0.0,0.9,1012.0
2025-10-08,Parakou,26.5,75.1,0.0,2.2,1015.9
2025-10-08,Natitingou,25.8,59.4,0.0,0.8,1013.9
2025-10-08,Kandi,26.2,54.9,4.9,2.3,1015.8
2025-10-08,Malanville,26.5,56.5,4.1,3.1,1014.9
2025-10-09,Cotonou,22.9,81.8,0.0,1.7,1019.3
2025-10-09,Porto-Novo,23.9,83.3,0.0,2.4,1014.6
2025-10-09,Ouidah,25.8,72.6,0.0,3.3,1015.8
2025-10-09,Abomey-Calavi,26.8,73.9,0.0,2.1,1013.7
2025-10-09,Bohicon,26.3,77.8,0.0,2.3,1018.1
2025-10-09,Abomey,26.0,72.5,0.0,1.8,1019.2
2025-10-09,Parakou,24.0,69.2,0.0,1.8,1015.0
2025-10-09,Natitingou,22.2,54.5,0.0,1.1,1014.5
2025-10-09,Kandi,26.8,69.5,0.0,3.6,1014.8
2025-10-09,Malanville,25.8,47.0,0.0,1.3,1011.3
2025-10-10,Cotonou,26.4,93.0,0.0,1.1,1014.7
2025-10-10,Porto-Novo,25.6,89.6,15.7,1.8,1015.6
2025-10-10,Ouidah,27.9,83.3,2.1,2.4,1015.3
2025-10-10,Abomey-Calavi,28.8,83.1,7.6,3.4,1015.6
2025-10-10,Bohicon,26.5,71.0,3.4,2.0,1015.3
2025-10-10,Abomey,25.9,79.9,0.0,1.4,1015.1
2025-10-10,Parakou,23.5,58.6,8.4,0.9,1018.3
2025-10-10,Natitingou,22.7,54.6,0.0,2.2,1015.9
2025-10-10,Kandi,25.2,65.4,4.6,1.2,1014.8
2025-10-10,Malanville,27.9,61.9,1.3,3.4,1013.3
2025-10-11,Cotonou,25.3,83.6,23.2,3.6,1015.2
2025-10-11,Porto-Novo,24.7,82.2,0.0,2.0,1017.3
2025-10-11,Ouidah,24.1,85.0,0.0,1.9,1012.2
2025-10-11,Abomey-Calavi,27.2,82.6,15.9,2.2,1014.0
2025-10-11,Bohicon,27.5,75.7,15.9,3.7,1014.4
2025-10-11,Abomey,22.9,69.0,7.6,0.9,1012.7
2025-10-11,Parakou,25.6,74.3,0.0,1.3,1015.0
2025-10-11,Natitingou,24.6,61.3,4.7,1.3,1014.6
2025-10-11,Kandi,26.2,57.9,0.0,2.6,1019.2
2025-10-11,Malanville,25.5,51.9,0.0,1.8,1018.3
2025-10-12,Cotonou,24.4,79.9,0.0,3.3,1010.7
2025-10-12,Porto-Novo,27.1,86.4,0.0,2.9,1012.3
2025-10-12,Ouidah,26.6,86.1,4.4,2.3,1013.6
2025-10-12,Abomey-Calavi,26.2,88.8,21.4,2.5,1014.2
2025-10-12,Bohicon,26.7,77.8,5.9,2.7,1012.2
2025-10-12,Abomey,24.9,82.0,0.0,2.5,1017.5
2025-10-12,Parakou,24.1,68.6,2.4,2.3,1011.9
2025-10-12,Natitingou,20.6,59.6,0.0,2.5,1013.9
2025-10-12,Kandi,25.9,58.6,2.8,3.2,1016.2
2025-10-12,Malanville,24.9,48.2,0.0,1.5,1018.0
2025-10-13,Cotonou,25.9,80.7,0.0,2.0,1013.3
2025-10-13,Porto-Novo,30.1,78.8,11.7,1.9,1014.8
2025-10-13,Ouidah,26.7,85.0,6.1,3.1,1015.7
2025-10-13,Abomey-Calavi,27.7,82.0,1.1,1.6,1013.6
2025-10-13,Bohicon,25.2,70.7,0.0,2.0,1014.9
2025-10-13,Abomey,27.3,77.9,7.2,1.3,1014.9
2025-10-13,Parakou,24.4,66.3,0.0,2.9,1016.9
2025-10-13,Natitingou,25.2,63.0,7.1,2.9,1016.6
2025-10-13,Kandi,25.8,55.9,0.8,2.2,1014.6
2025-10-13,Malanville,28.8,49.2,0.0,3.5,1015.3
2025-10-14,Cotonou,24.7,80.0,9.6,2.5,1013.6
2025-10-14,Porto-Novo,26.6,80.2,2.0,3.2,1015.8
2025-10-14,Ouidah,25.0,87.3,2.8,2.7,1009.5
2025-10-14,Abomey-Calavi,27.2,83.9,0.0,1.4,1016.2
2025-10-14,Bohicon,27.4,69.2,0.0,2.4,1016.3
2025-10-14,Abomey,25.3,72.8,0.0,1.6,1017.0
2025-10-14,Parakou,25.3,70.0,0.0,2.1,1013.9
2025-10-14,Natitingou,24.3,66.2,11.5,1.7,1018.2
2025-10-14,Kandi,25.0,54.4,0.0,2.5,1013.6
2025-10-14,Malanville,26.6,58.9,0.0,2.8,1017.1
2025-10-15,Cotonou,27.2,91.3,0.0,2.4,1010.6
2025-10-15,Porto-Novo,25.9,83.1,0.0,2.5,1013.9
2025-10-15,Ouidah,26.1,80.5,7.5,2.8,1013.4
2025-10-15,Abomey-Calavi,27.1,81.3,0.0,3.0,1012.5
2025-10-15,Bohicon,25.7,74.6,0.0,0.2,1016.6
2025-10-15,Abomey,24.5,76.6,5.0,1.8,1015.1
2025-10-15,Parakou,25.0,64.9,0.0,2.2,1013.5
2025-10-15,Natitingou,24.1,59.7,0.0,2.7,1015.8
2025-10-15,Kandi,26.0,46.7,0.0,1.7,1014.1
2025-10-15,Malanville,28.3,52.1,2.7,2.6,1012.8
2025-10-16,Cotonou,27.4,82.2,0.0,2.8,1013.0
2025-10-16,Porto-Novo,25.6,79.8,2.3,3.1,1014.4
2025-10-16,Ouidah,26.9,88.3,0.0,2.2,1015.4
2025-10-16,Abomey-Calavi,28.3,75.4,0.0,2.6,1012.8
2025-10-16,Bohicon,21.8,72.6,0.0,1.3,1016.3
2025-10-16,Abomey,26.2,75.7,0.6,1.3,1011.6
2025-10-16,Parakou,24.9,68.6,0.0,1.6,1014.3
2025-10-16,Natitingou,24.2,65.2,0.0,1.7,1012.6
2025-10-16,Kandi,28.9,63.1,0.0,2.0,1016.3
2025-10-16,Malanville,28.6,57.6,0.0,3.5,1016.1
2025-10-17,Cotonou,26.7,82.1,0.0,2.2,1013.2
2025-10-17,Porto-Novo,25.5,82.0,0.0,2.4,1013.3
2025-10-17,Ouidah,27.9,78.8,0.0,2.4,1010.8
2025-10-17,Abomey-Calavi,26.1,78.6,0.0,1.9,1018.0
2025-10-17,Bohicon,26.3,71.7,4.4,3.7,1014.1
2025-10-17,Abomey,26.9,76.1,0.0,1.6,1013.9
2025-10-17,Parakou,25.6,65.7,0.0,2.0,1014.7
2025-10-17,Natitingou,23.8,60.3,0.0,0.9,1015.0
2025-10-17,Kandi,25.5,57.2,0.0,2.1,1012.0
2025-10-17,Malanville,27.4,62.3,0.0,1.7,1013.4
2025-10-18,Cotonou,25.8,80.4,3.6,2.5,1012.6
2025-10-18,Porto-Novo,27.4,84.4,0.0,2.9,1015.4
2025-10-18,Ouidah,25.9,92.0,5.3,2.6,1013.1
2025-10-18,Abomey-Calavi,24.5,83.5,2.2,3.4,1011.0
2025-10-18,Bohicon,24.5,70.2,5.1,3.1,1020.6
2025-10-18,Abomey,24.8,71.4,0.0,1.4,1016.6
2025-10-18,Parakou,22.1,55.5,0.0,1.4,1014.4
2025-10-18,Natitingou,23.9,53.6,1.1,2.0,1015.4
2025-10-18,Kandi,26.8,70.0,2.3,1.7,1018.9
2025-10-18,Malanville,29.4,49.5,0.0,2.5,1011.8
2025-10-19,Cotonou,25.5,80.7,7.1,2.4,1015.3
2025-10-19,Porto-Novo,26.5,80.7,0.0,2.4,1016.4
2025-10-19,Ouidah,27.9,83.5,0.0,3.2,1014.8
2025-10-19,Abomey-Calavi,27.9,85.3,5.8,0.9,1014.0
2025-10-19,Bohicon,26.7,80.1,0.0,1.5,1014.4
2025-10-19,Abomey,25.0,77.4,13.6,1.7,1015.3
2025-10-19,Parakou,23.4,75.3,0.0,3.2,1014.2
2025-10-19,Natitingou,23.4,64.4,2.3,1.3,1014.7
2025-10-19,Kandi,25.1,60.3,0.0,2.4,1016.9
2025-10-19,Malanville,26.8,58.5,0.0,2.7,1017.1
2025-10-20,Cotonou,26.3,83.9,0.0,3.8,1015.8
2025-10-20,Porto-Novo,27.3,90.6,0.0,1.9,1011.0
2025-10-20,Ouidah,26.4,95.3,0.0,2.6,1011.0
2025-10-20,Abomey-Calavi,27.1,82.9,0.0,2.6,1010.6
2025-10-20,Bohicon,24.8,79.4,0.0,3.0,1011.6
2025-10-20,Abomey,25.1,69.0,0.0,1.8,1016.5
2025-10-20,Parakou,26.3,65.7,0.0,1.4,1015.6
2025-10-20,Natitingou,24.0,65.4,0.0,1.3,1017.4
2025-10-20,Kandi,24.9,60.6,0.0,2.3,1019.0
2025-10-20,Malanville,29.8,63.6,0.0,3.6,1012.8
2025-10-21,Cotonou,28.5,81.3,0.0,1.9,1013.5
2025-10-21,Porto-Novo,26.4,91.0,5.1,2.9,1012.3
2025-10-21,Ouidah,26.4,88.2,4.1,3.0,1011.2
2025-10-21,Abomey-Calavi,26.7,81.7,1.2,1.3,1011.1
2025-10-21,Bohicon,27.3,80.0,0.0,1.6,1013.7
2025-10-21,Abomey,23.9,70.5,0.0,1.7,1015.1
2025-10-21,Parakou,27.3,78.0,0.0,1.6,1013.9
2025-10-21,Natitingou,24.9,54.2,0.0,1.9,1019.4
2025-10-21,Kandi,26.3,62.4,0.0,2.0,1016.8
2025-10-21,Malanville,24.7,57.6,0.0,2.6,1014.4
2025-10-22,Cotonou,26.8,83.5,0.0,1.7,1016.4
2025-10-22,Porto-Novo,26.1,83.9,0.0,3.0,1014.5
2025-10-22,Ouidah,28.7,81.9,13.4,2.2,1016.3
2025-10-22,Abomey-Calavi,28.4,80.7,6.2,1.7,1016.5
2025-10-22,Bohicon,25.6,75.3,3.4,1.7,1011.1
2025-10-22,Abomey,25.4,77.5,0.0,0.8,1017.8
2025-10-22,Parakou,27.4,64.7,0.0,2.0,1015.2
2025-10-22,Natitingou,22.8,68.9,0.0,2.3,1015.5
2025-10-22,Kandi,23.0,53.7,0.0,3.2,1011.5
2025-10-22,Malanville,29.3,62.6,3.2,2.8,1015.5
2025-10-23,Cotonou,25.3,89.5,1.0,2.6,1013.9
2025-10-23,Porto-Novo,27.5,87.1,29.1,2.5,1011.6
2025-10-23,Ouidah,22.1,91.9,0.0,2.9,1011.7
2025-10-23,Abomey-Calavi,25.9,81.4,18.8,1.3,1014.0
2025-10-23,Bohicon,23.0,71.4,0.0,2.5,1015.6
2025-10-23,Abomey,27.6,72.5,0.0,1.9,1009.0
2025-10-23,Parakou,25.6,63.0,0.4,2.5,1019.2
2025-10-23,Natitingou,25.3,63.5,2.3,1.4,1018.1
2025-10-23,Kandi,25.6,57.6,1.4,2.5,1016.1
2025-10-23,Malanville,25.1,51.2,0.0,2.9,1015.8
2025-10-24,Cotonou,29.2,89.4,13.2,2.4,1013.2
2025-10-24,Porto-Novo,25.3,86.3,0.0,4.7,1013.2
2025-10-24,Ouidah,28.5,79.6,0.0,0.7,1011.9
2025-10-24,Abomey-Calavi,25.9,87.1,0.0,2.6,1010.5
2025-10-24,Bohicon,26.4,71.7,8.4,2.4,1012.7
2025-10-24,Abomey,25.7,79.4,0.0,2.3,1013.3
2025-10-24,Parakou,26.2,66.2,5.1,1.5,1013.6
2025-10-24,Natitingou,22.6,71.2,0.6,2.0,1014.3
2025-10-24,Kandi,24.7,61.6,2.3,2.7,1010.2
2025-10-24,Malanville,30.7,65.1,1.9,3.1,1015.2
2025-10-25,Cotonou,25.9,85.0,3.6,2.2,1014.5
2025-10-25,Porto-Novo,27.5,74.3,0.0,2.8,1014.3
2025-10-25,Ouidah,26.6,86.9,2.7,2.7,1009.5
2025-10-25,Abomey-Calavi,25.2,86.6,6.5,2.5,1013.0
2025-10-25,Bohicon,26.3,78.1,0.0,2.8,1018.5
2025-10-25,Abomey,27.3,73.4,0.0,2.0,1017.7
2025-10-25,Parakou,24.8,68.0,8.4,2.0,1013.9
2025-10-25,Natitingou,21.2,57.7,0.0,2.2,1015.1
2025-10-25,Kandi,24.5,59.1,3.4,2.5,1015.5
2025-10-25,Malanville,24.6,64.7,0.0,3.8,1014.8
2025-10-26,Cotonou,28.4,86.5,0.0,3.2,1013.4
2025-10-26,Porto-Novo,28.8,81.0,1.0,2.3,1016.2
2025-10-26,Ouidah,26.7,79.3,0.0,1.4,1015.5
2025-10-26,Abomey-Calavi,26.2,76.0,0.0,1.3,1011.1
2025-10-26,Bohicon,27.3,76.1,0.0,2.8,1015.6
2025-10-26,Abomey,26.4,76.5,0.0,2.2,1011.9
2025-10-26,Parakou,24.3,65.8,0.0,1.7,1018.7
2025-10-26,Natitingou,22.5,69.8,0.0,2.3,1015.2
2025-10-26,Kandi,26.4,58.7,0.0,1.9,1015.0
2025-10-26,Malanville,29.4,54.3,0.0,0.9,1013.9
2025-10-27,Cotonou,25.8,74.8,1.6,3.4,1013.4
2025-10-27,Porto-Novo,24.1,91.8,4.1,2.8,1014.1
2025-10-27,Ouidah,25.5,88.1,11.9,2.6,1014.5
2025-10-27,Abomey-Calavi,25.4,83.2,10.9,3.8,1015.8
2025-10-27,Bohicon,27.5,72.5,15.0,2.4,1014.5
2025-10-27,Abomey,26.5,71.8,0.0,2.0,1014.7
2025-10-27,Parakou,25.2,62.8,0.0,1.8,1015.1
2025-10-27,Natitingou,25.5,72.8,1.9,2.3,1017.5
2025-10-27,Kandi,25.8,54.5,0.0,0.8,1011.8
2025-10-27,Malanville,27.9,63.3,0.0,2.6,1011.4
2025-10-28,Cotonou,27.1,87.4,0.0,2.3,1011.5
2025-10-28,Porto-Novo,25.3,85.8,0.0,2.6,1013.9
2025-10-28,Ouidah,28.1,93.6,0.0,1.6,1014.9
2025-10-28,Abomey-Calavi,27.3,82.0,0.0,2.2,1013.0
2025-10-28,Bohicon,25.6,75.8,0.0,2.2,1016.1
2025-10-28,Abomey,26.0,79.2,0.0,3.0,1015.6
2025-10-28,Parakou,26.4,71.2,0.0,2.2,1015.0
2025-10-28,Natitingou,22.9,57.4,0.0,3.2,1011.1
2025-10-28,Kandi,25.9,58.7,0.0,1.3,1011.9
2025-10-28,Malanville,28.3,53.6,0.0,2.6,1014.7
2025-10-29,Cotonou,26.1,82.4,0.0,2.3,1012.5
2025-10-29,Porto-Novo,24.6,84.4,0.0,2.1,1014.4
2025-10-29,Ouidah,26.1,91.6,5.4,2.8,1010.8
2025-10-29,Abomey-Calavi,26.6,90.2,11.9,2.0,1016.7
2025-10-29,Bohicon,24.0,74.0,20.9,2.9,1015.9
2025-10-29,Abomey,26.4,82.3,9.4,2.4,1011.6
2025-10-29,Parakou,24.6,70.9,0.0,1.9,1016.1
2025-10-29,Natitingou,24.7,63.0,0.0,2.8,1016.2
2025-10-29,Kandi,27.0,60.0,0.8,3.0,1014.8
2025-10-29,Malanville,26.5,55.1,5.5,3.3,1017.0
2025-10-30,Cotonou,26.5,97.2,0.0,3.1,1013.6
2025-10-30,Porto-Novo,26.8,83.9,0.0,1.6,1016.8
2025-10-30,Ouidah,28.0,87.4,17.1,2.7,1014.3
2025-10-30,Abomey-Calavi,26.0,85.4,7.6,3.3,1011.3
2025-10-30,Bohicon,27.5,77.2,0.0,3.5,1011.5
2025-10-30,Abomey,27.6,80.2,6.7,2.5,1014.8
2025-10-30,Parakou,23.9,66.1,0.0,1.8,1011.9
2025-10-30,Natitingou,22.4,65.0,0.0,2.2,1014.9
2025-10-30,Kandi,26.3,53.9,3.2,1.8,1015.2
2025-10-30,Malanville,24.7,61.6,3.6,2.7,1014.2
2025-10-31,Cotonou,27.4,90.0,0.0,2.0,1015.5
2025-10-31,Porto-Novo,24.2,92.1,0.0,3.0,1012.4
2025-10-31,Ouidah,26.0,76.6,2.8,0.9,1011.4
2025-10-31,Abomey-Calavi,26.2,81.4,8.4,2.3,1016.7
2025-10-31,Bohicon,24.1,78.0,0.0,1.8,1011.6
2025-10-31,Abomey,25.6,78.4,0.0,3.1,1014.8
2025-10-31,Parakou,24.0,72.9,4.2,2.6,1016.6
2025-10-31,Natitingou,24.5,66.2,0.0,2.4,1018.6
2025-10-31,Kandi,28.3,56.1,0.0,3.2,1015.3
2025-10-31,Malanville,28.1,52.9,0.0,1.4,1018.2
2025-11-01,Cotonou,25.8,71.5,0.0,2.7,1010.7
2025-11-01,Porto-Novo,24.5,87.7,4.2,2.5,1012.9
2025-11-01,Ouidah,24.2,82.6,6.8,3.1,1017.4
2025-11-01,Abomey-Calavi,29.0,96.2,0.0,2.2,1014.3
2025-11-01,Bohicon,26.7,81.9,5.6,2.6,1018.3
2025-11-01,Abomey,25.6,71.7,7.8,0.9,1012.8
2025-11-01,Parakou,25.8,68.2,0.0,1.6,1014.5
2025-11-01,Natitingou,20.7,60.5,0.0,1.8,1013.1
2025-11-01,Kandi,26.8,67.2,0.0,1.6,1016.1
2025-11-01,Malanville,24.3,49.2,0.0,1.3,1015.7
2025-11-02,Cotonou,27.6,76.4,7.3,1.9,1011.9
2025-11-02,Porto-Novo,26.5,84.7,4.8,2.7,1011.8
2025-11-02,Ouidah,27.2,92.6,0.0,2.0,1018.1
2025-11-02,Abomey-Calavi,25.0,83.4,6.8,1.8,1012.4
2025-11-02,Bohicon,27.1,73.7,0.0,2.4,1013.2
2025-11-02,Abomey,25.9,72.2,0.0,2.5,1014.5
2025-11-02,Parakou,23.5,75.0,0.0,2.2,1017.4
2025-11-02,Natitingou,24.8,62.5,0.0,3.0,1015.0
2025-11-02,Kandi,25.3,58.3,0.0,3.6,1013.9
2025-11-02,Malanville,26.9,61.3,0.0,2.5,1014.9
2025-11-03,Cotonou,25.3,84.7,0.0,2.9,1019.0
2025-11-03,Porto-Novo,25.9,84.3,0.0,2.3,1012.7
2025-11-03,Ouidah,28.4,83.8,0.0,2.7,1014.5
2025-11-03,Abomey-Calavi,25.0,88.8,8.6,2.1,1009.7
2025-11-03,Bohicon,28.2,74.2,0.0,3.7,1017.7
2025-11-03,Abomey,23.8,74.6,0.0,3.4,1014.3
2025-11-03,Parakou,24.6,62.0,3.3,2.4,1014.8
2025-11-03,Natitingou,21.3,62.6,0.0,2.2,1014.5
2025-11-03,Kandi,24.8,62.0,0.0,1.9,1016.6
2025-11-03,Malanville,27.8,62.4,5.9,2.1,1015.9
2025-11-04,Cotonou,24.1,89.8,0.0,1.4,1018.1
2025-11-04,Porto-Novo,27.3,80.3,0.0,3.1,1014.2
2025-11-04,Ouidah,26.0,92.9,16.0,2.3,1015.4
2025-11-04,Abomey-Calavi,24.5,73.9,9.0,2.4,1013.1
2025-11-04,Bohicon,24.8,83.6,0.0,1.6,1013.8
2025-11-04,Abomey,24.8,86.1,3.3,1.6,1013.2
2025-11-04,Parakou,26.4,76.3,2.5,1.4,1014.6
2025-11-04,Natitingou,21.0,65.2,0.0,1.4,1017.9
2025-11-04,Kandi,26.0,65.9,1.0,2.9,1018.2
2025-11-04,Malanville,27.4,51.8,0.0,2.9,1018.1
2025-11-05,Cotonou,26.2,86.0,1.0,2.8,1015.3
2025-11-05,Porto-Novo,23.9,85.8,0.0,2.9,1007.8
2025-11-05,Ouidah,25.8,85.1,5.4,2.9,1014.0
2025-11-05,Abomey-Calavi,24.3,78.7,2.7,2.3,1012.8
2025-11-05,Bohicon,25.9,73.3,3.8,4.1,1012.6
2025-11-05,Abomey,25.8,87.8,0.0,1.8,1013.6
2025-11-05,Parakou,27.4,74.5,0.0,2.7,1013.3
2025-11-05,Natitingou,23.4,60.5,0.0,2.1,1013.5
2025-11-05,Kandi,25.2,67.7,4.2,4.2,1015.0
2025-11-05,Malanville,26.5,67.9,0.0,2.1,1013.2
2025-11-06,Cotonou,24.5,81.8,9.6,1.9,1011.7
2025-11-06,Porto-Novo,24.2,87.2,0.0,2.1,1012.0
2025-11-06,Ouidah,26.7,90.2,0.0,1.6,1014.4
2025-11-06,Abomey-Calavi,28.2,87.2,0.0,2.0,1014.2
2025-11-06,Bohicon,23.9,76.8,0.0,1.9,1012.7
2025-11-06,Abomey,25.0,72.9,1.2,1.5,1014.8
2025-11-06,Parakou,27.1,59.6,0.0,1.9,1013.6
2025-11-06,Natitingou,25.8,64.9,1.3,2.5,1016.6
2025-11-06,Kandi,24.2,61.4,0.0,3.7,1014.9
2025-11-06,Malanville,27.6,56.1,0.3,1.5,1014.0
2025-11-07,Cotonou,28.1,83.4,1.0,3.1,1008.9
2025-11-07,Porto-Novo,24.7,82.3,9.2,3.3,1015.6
2025-11-07,Ouidah,25.1,85.4,2.0,2.3,1013.6
2025-11-07,Abomey-Calavi,26.2,86.7,0.0,2.7,1013.7
2025-11-07,Bohicon,25.6,71.0,1.3,2.7,1015.4
2025-11-07,Abomey,26.9,72.9,0.0,0.6,1016.9
2025-11-07,Parakou,23.6,72.8,0.0,1.5,1016.8
2025-11-07,Natitingou,22.8,63.7,0.8,2.0,1012.9
2025-11-07,Kandi,24.8,65.2,0.0,3.1,1020.9
2025-11-07,Malanville,27.8,52.9,0.0,0.9,1012.9
2025-11-08,Cotonou,26.5,80.5,0.0,3.7,1016.5
2025-11-08,Porto-Novo,25.2,91.5,1.9,3.4,1015.8
2025-11-08,Ouidah,25.5,90.1,0.0,1.9,1010.2
2025-11-08,Abomey-Calavi,25.6,81.9,6.5,2.4,1015.6
2025-11-08,Bohicon,23.4,71.4,0.0,2.3,1012.2
2025-11-08,Abomey,24.6,80.3,0.0,1.7,1016.9
2025-11-08,Parakou,25.0,64.6,0.0,2.0,1014.0
2025-11-08,Natitingou,22.4,59.0,0.0,2.5,1020.0
2025-11-08,Kandi,24.9,68.1,0.0,3.1,1013.5
2025-11-08,Malanville,29.0,66.9,3.1,1.9,1018.4
2025-11-09,Cotonou,25.8,86.5,0.0,3.5,1013.0
2025-11-09,Porto-Novo,23.3,76.7,0.0,3.2,1015.7
2025-11-09,Ouidah,25.5,85.1,0.0,2.6,1015.1
2025-11-09,Abomey-Calavi,25.6,78.0,0.0,2.6,1015.4
2025-11-09,Bohicon,25.8,78.8,0.0,2.4,1016.2
2025-11-09,Abomey,27.9,74.5,0.0,2.9,1013.1
2025-11-09,Parakou,23.3,66.9,0.0,1.1,1018.3
2025-11-09,Natitingou,22.4,67.0,0.0,1.7,1017.4
2025-11-09,Kandi,28.8,53.7,0.0,2.2,1017.0
2025-11-09,Malanville,29.9,62.0,0.0,1.3,1018.7
2025-11-10,Cotonou,24.2,81.8,2.9,1.3,1011.9
2025-11-10,Porto-Novo,26.3,92.8,1.0,1.9,1010.9
2025-11-10,Ouidah,25.2,86.2,2.9,3.2,1008.5
2025-11-10,Abomey-Calavi,26.7,91.7,0.0,2.2,1013.9
2025-11-10,Bohicon,23.7,78.8,1.9,3.7,1014.7
2025-11-10,Abomey,24.5,74.1,0.0,2.7,1016.3
2025-11-10,Parakou,26.2,70.5,0.0,1.9,1015.1
2025-11-10,Natitingou,22.0,57.9,0.0,1.1,1016.4
2025-11-10,Kandi,26.7,58.3,0.0,3.0,1015.9
2025-11-10,Malanville,26.1,59.0,0.0,3.2,1018.1
2025-11-11,Cotonou,23.8,82.5,4.4,2.0,1016.1
2025-11-11,Porto-Novo,27.5,75.7,0.0,2.7,1010.8
2025-11-11,Ouidah,25.6,89.7,0.0,3.4,1016.7
2025-11-11,Abomey-Calavi,23.2,79.3,0.0,2.1,1016.2
2025-11-11,Bohicon,24.5,79.9,0.0,2.0,1013.9
2025-11-11,Abomey,26.2,73.0,6.1,1.5,1014.1
2025-11-11,Parakou,25.9,66.5,3.5,1.9,1018.1
2025-11-11,Natitingou,25.8,66.2,5.3,1.9,1015.6
2025-11-11,Kandi,26.4,65.7,0.0,1.3,1015.3
2025-11-11,Malanville,27.6,52.5,0.0,2.7,1015.1
2025-11-12,Cotonou,27.3,71.8,0.0,2.2,1008.9
2025-11-12,Porto-Novo,25.0,83.6,0.0,2.8,1013.4
2025-11-12,Ouidah,26.1,85.3,0.0,1.0,1014.0
2025-11-12,Abomey-Calavi,27.2,85.8,0.0,1.9,1017.5
2025-11-12,Bohicon,26.3,77.6,0.0,3.1,1009.8
2025-11-12,Abomey,26.5,83.2,0.0,2.0,1016.8
2025-11-12,Parakou,26.0,76.9,0.0,2.3,1011.5
2025-11-12,Natitingou,23.9,66.8,0.0,1.6,1014.8
2025-11-12,Kandi,26.7,62.3,0.0,2.9,1015.4
2025-11-12,Malanville,27.9,54.8,0.0,2.6,1018.1
2025-11-13,Cotonou,28.2,89.5,0.0,1.9,1014.5
2025-11-13,Porto-Novo,26.2,85.0,0.0,2.9,1015.7
2025-11-13,Ouidah,24.1,82.0,5.4,2.4,1013.1
2025-11-13,Abomey-Calavi,26.5,87.2,3.3,2.5,1009.5
2025-11-13,Bohicon,25.6,77.4,9.4,1.6,1012.1
2025-11-13,Abomey,24.8,83.8,0.0,1.7,1016.1
2025-11-13,Parakou,22.0,74.8,2.9,2.5,1013.5
2025-11-13,Natitingou,24.1,63.1,0.0,1.7,1011.1
2025-11-13,Kandi,26.0,70.6,0.0,2.5,1014.4
2025-11-13,Malanville,28.9,53.7,0.0,2.4,1017.2
2025-11-14,Cotonou,28.1,91.7,0.0,3.7,1009.6
2025-11-14,Porto-Novo,27.3,86.8,0.0,0.9,1012.6
2025-11-14,Ouidah,27.1,93.5,0.0,1.8,1017.4
2025-11-14,Abomey-Calavi,26.9,85.4,0.0,2.6,1010.8
2025-11-14,Bohicon,24.9,71.7,0.0,2.1,1016.1
2025-11-14,Abomey,22.9,74.9,0.0,1.1,1014.9
2025-11-14,Parakou,22.7,71.9,3.1,2.7,1017.8
2025-11-14,Natitingou,24.2,65.7,0.0,2.0,1018.7
2025-11-14,Kandi,26.0,63.2,0.4,2.7,1015.3
2025-11-14,Malanville,28.9,49.4,0.0,2.2,1011.9
2025-11-15,Cotonou,27.9,83.5,1.2,2.1,1011.6
2025-11-15,Porto-Novo,27.5,84.3,0.2,3.1,1018.0
2025-11-15,Ouidah,28.1,84.5,2.4,2.4,1014.4
2025-11-15,Abomey-Calavi,25.6,86.7,0.0,2.6,1012.9
2025-11-15,Bohicon,24.4,79.9,0.0,1.7,1017.5
2025-11-15,Abomey,24.0,81.5,2.9,1.9,1016.9
2025-11-15,Parakou,25.2,68.8,0.0,1.5,1014.9
2025-11-15,Natitingou,22.6,62.1,0.0,2.4,1016.1
2025-11-15,Kandi,27.4,55.0,0.0,1.8,1015.3
2025-11-15,Malanville,25.0,50.7,1.2,1.9,1017.5
2025-11-16,Cotonou,25.4,84.0,0.0,2.3,1011.9
2025-11-16,Porto-Novo,25.3,85.6,0.0,2.9,1009.9
2025-11-16,Ouidah,26.3,89.8,7.4,3.0,1012.3
2025-11-16,Abomey-Calavi,28.4,88.9,1.8,1.6,1014.6
2025-11-16,Bohicon,26.3,86.5,0.0,2.9,1014.6
2025-11-16,Abomey,24.2,77.8,0.0,2.6,1014.0
2025-11-16,Parakou,23.6,64.2,0.0,2.6,1016.5
2025-11-16,Natitingou,24.9,68.0,0.0,1.0,1016.6
2025-11-16,Kandi,26.1,57.1,0.0,2.9,1012.3
2025-11-16,Malanville,27.0,55.2,0.0,2.5,1018.2
2025-11-17,Cotonou,27.5,86.4,3.2,3.3,1010.7
2025-11-17,Porto-Novo,27.4,93.0,4.7,2.2,1014.2
2025-11-17,Ouidah,24.6,85.2,0.0,3.5,1013.0
2025-11-17,Abomey-Calavi,24.5,88.6,0.0,1.7,1015.4
2025-11-17,Bohicon,25.3,84.8,3.1,2.0,1014.2
2025-11-17,Abomey,24.8,79.3,2.8,2.1,1016.9
2025-11-17,Parakou,27.9,74.4,0.0,1.9,1011.1
2025-11-17,Natitingou,24.0,55.7,0.0,1.9,1014.8
2025-11-17,Kandi,25.3,66.0,0.0,1.6,1017.2
2025-11-17,Malanville,28.2,60.2,2.9,2.5,1013.3
2025-11-18,Cotonou,26.5,87.9,3.6,2.9,1011.4
2025-11-18,Porto-Novo,24.9,86.0,0.0,2.1,1018.3
2025-11-18,Ouidah,24.7,78.2,0.0,2.0,1017.3
2025-11-18,Abomey-Calavi,27.7,75.5,0.0,2.8,1008.9
2025-11-18,Bohicon,23.0,75.0,8.2,2.1,1013.4
2025-11-18,Abomey,24.7,74.8,0.0,2.0,1014.9
2025-11-18,Parakou,24.7,66.5,11.0,2.4,1013.8
2025-11-18,Natitingou,23.5,56.2,5.1,1.8,1017.2
2025-11-18,Kandi,26.3,66.4,0.0,2.0,1010.5
2025-11-18,Malanville,26.4,56.3,0.0,2.8,1014.4
2025-11-19,Cotonou,26.6,77.9,1.1,2.9,1015.1
2025-11-19,Porto-Novo,23.9,94.3,1.7,3.5,1010.8
2025-11-19,Ouidah,22.9,87.2,0.0,2.9,1012.6
2025-11-19,Abomey-Calavi,26.8,79.6,0.0,1.3,1013.4
2025-11-19,Bohicon,28.1,67.7,0.0,2.2,1010.7
2025-11-19,Abomey,25.9,80.2,0.0,0.4,1012.8
2025-11-19,Parakou,27.9,77.8,0.9,1.3,1015.7
2025-11-19,Natitingou,25.6,69.3,0.0,2.5,1017.9
2025-11-19,Kandi,26.0,63.4,0.0,3.5,1017.7
2025-11-19,Malanville,27.8,55.1,0.0,1.5,1021.0
2025-11-20,Cotonou,26.6,81.4,0.0,2.7,1010.7
2025-11-20,Porto-Novo,26.9,80.7,7.3,2.1,1013.5
2025-11-20,Ouidah,25.3,84.0,0.0,2.0,1011.9
2025-11-20,Abomey-Calavi,24.9,86.0,0.0,2.0,1013.5
2025-11-20,Bohicon,26.8,75.3,0.0,1.7,1012.3
2025-11-20,Abomey,24.6,82.3,0.6,0.2,1015.9
2025-11-20,Parakou,26.1,60.9,0.0,3.6,1014.2
2025-11-20,Natitingou,24.3,68.7,0.8,2.3,1018.9
2025-11-20,Kandi,23.8,54.5,1.0,3.3,1015.2
2025-11-20,Malanville,27.1,53.3,2.1,3.2,1015.9
2025-11-21,Cotonou,23.9,87.6,0.0,0.6,1009.4
2025-11-21,Porto-Novo,27.4,87.3,0.0,1.5,1014.0
2025-11-21,Ouidah,24.1,85.1,2.7,2.1,1011.5
2025-11-21,Abomey-Calavi,25.0,82.6,0.0,2.5,1014.8
2025-11-21,Bohicon,23.0,77.7,0.0,2.0,1013.8
2025-11-21,Abomey,26.7,79.6,0.0,1.9,1011.1
2025-11-21,Parakou,23.8,73.1,0.0,2.8,1013.5
2025-11-21,Natitingou,23.5,60.7,6.0,2.5,1011.7
2025-11-21,Kandi,25.8,63.0,0.0,2.9,1015.3
2025-11-21,Malanville,28.2,61.5,0.0,2.4,1018.5
2025-11-22,Cotonou,28.7,89.8,1.8,2.5,1013.4
2025-11-22,Porto-Novo,26.0,89.9,1.4,3.2,1014.4
2025-11-22,Ouidah,25.0,81.8,1.4,2.1,1013.6
2025-11-22,Abomey-Calavi,25.6,76.0,15.0,3.5,1012.6
2025-11-22,Bohicon,25.8,75.5,1.3,1.2,1012.0
2025-11-22,Abomey,26.3,79.8,0.0,1.5,1020.4
2025-11-22,Parakou,25.4,66.7,0.0,2.8,1015.4
2025-11-22,Natitingou,22.8,58.5,0.0,2.4,1018.3
2025-11-22,Kandi,26.1,54.9,0.0,2.1,1015.3
2025-11-22,Malanville,26.9,61.4,0.0,3.2,1015.3
2025-11-23,Cotonou,25.9,92.6,0.0,3.4,1014.3
2025-11-23,Porto-Novo,25.6,86.6,0.0,4.0,1014.9
2025-11-23,Ouidah,25.8,86.0,0.0,2.4,1010.8
2025-11-23,Abomey-Calavi,23.2,73.5,0.0,1.8,1012.2
2025-11-23,Bohicon,26.3,78.9,0.0,2.3,1018.0
2025-11-23,Abomey,27.3,71.1,0.0,1.7,1013.7
2025-11-23,Parakou,26.4,74.4,8.7,2.1,1016.6
2025-11-23,Natitingou,22.4,58.7,0.0,2.9,1016.4
2025-11-23,Kandi,24.8,60.8,0.0,2.2,1013.6
2025-11-23,Malanville,25.7,53.3,0.0,3.7,1018.0
2025-11-24,Cotonou,26.3,89.8,8.7,1.0,1013.2
2025-11-24,Porto-Novo,25.0,89.9,0.0,3.6,1017.1
2025-11-24,Ouidah,26.7,81.4,0.0,3.2,1014.4
2025-11-24,Abomey-Calavi,26.0,83.1,0.0,1.6,1011.5
2025-11-24,Bohicon,23.9,73.4,0.0,2.3,1011.7
2025-11-24,Abomey,24.8,75.3,0.0,2.8,1013.4
2025-11-24,Parakou,23.4,72.4,0.0,3.2,1014.4
2025-11-24,Natitingou,22.6,63.2,0.0,1.5,1017.9
2025-11-24,Kandi,26.0,58.8,2.1,3.7,1016.8
2025-11-24,Malanville,28.4,58.5,0.7,2.8,1015.9
2025-11-25,Cotonou,24.2,84.5,0.0,3.0,1009.8
2025-11-25,Porto-Novo,25.6,84.9,0.0,2.1,1011.7
2025-11-25,Ouidah,26.2,84.4,0.0,3.8,1014.2
2025-11-25,Abomey-Calavi,27.3,86.9,0.0,2.1,1010.8
2025-11-25,Bohicon,25.6,76.7,3.5,2.5,1011.2
2025-11-25,Abomey,25.4,82.4,0.0,2.9,1014.3
2025-11-25,Parakou,26.6,70.5,0.0,3.1,1019.6
2025-11-25,Natitingou,26.0,67.9,0.0,2.0,1016.0
2025-11-25,Kandi,26.9,55.5,0.0,2.9,1016.0
2025-11-25,Malanville,26.1,58.6,0.0,1.8,1011.4
2025-11-26,Cotonou,26.0,80.5,0.0,2.3,1013.3
2025-11-26,Porto-Novo,25.4,84.2,0.0,1.9,1014.0
2025-11-26,Ouidah,27.1,82.9,0.0,1.9,1014.4
2025-11-26,Abomey-Calavi,27.6,91.9,0.0,2.9,1014.3
2025-11-26,Bohicon,25.8,81.0,0.0,1.0,1012.3
2025-11-26,Abomey,24.2,71.3,0.0,1.6,1017.1
2025-11-26,Parakou,22.8,65.2,0.0,3.0,1017.0
2025-11-26,Natitingou,22.2,62.3,0.0,1.6,1015.6
2025-11-26,Kandi,28.2,56.9,1.1,1.6,1010.7
2025-11-26,Malanville,26.8,59.2,0.0,3.2,1019.1
2025-11-27,Cotonou,25.3,83.7,0.0,3.8,1011.7
2025-11-27,Porto-Novo,24.1,80.5,0.0,2.1,1016.6
2025-11-27,Ouidah,24.1,90.6,0.0,2.2,1012.1
2025-11-27,Abomey-Calavi,27.6,91.9,0.0,2.0,1014.7
2025-11-27,Bohicon,25.7,70.0,0.0,2.6,1010.8
2025-11-27,Abomey,23.3,80.6,0.0,1.1,1013.8
2025-11-27,Parakou,26.7,62.2,0.0,1.2,1015.5
2025-11-27,Natitingou,23.9,61.1,0.0,2.9,1020.8
2025-11-27,Kandi,25.6,63.5,0.0,1.3,1016.1
2025-11-27,Malanville,28.8,61.4,0.0,2.1,1014.7
2025-11-28,Cotonou,26.2,85.1,0.7,2.7,1009.1
2025-11-28,Porto-Novo,26.5,86.5,6.8,2.4,1012.9
2025-11-28,Ouidah,29.0,77.9,1.1,1.8,1009.9
2025-11-28,Abomey-Calavi,27.3,78.7,0.0,2.7,1011.4
2025-11-28,Bohicon,24.3,73.9,6.2,1.0,1015.1
2025-11-28,Abomey,27.7,83.1,0.0,2.9,1010.9
2025-11-28,Parakou,25.0,69.3,0.0,1.6,1015.6
2025-11-28,Natitingou,21.7,66.7,4.4,2.4,1017.0
2025-11-28,Kandi,26.1,59.8,0.0,1.1,1014.5
2025-11-28,Malanville,28.4,56.7,0.0,2.5,1016.6
2025-11-29,Cotonou,26.2,84.7,0.3,2.4,1015.6
2025-11-29,Porto-Novo,24.3,89.4,0.0,2.6,1012.6
2025-11-29,Ouidah,28.1,87.6,0.0,2.8,1012.3
2025-11-29,Abomey-Calavi,23.9,79.2,0.0,2.4,1014.3
2025-11-29,Bohicon,25.2,73.9,0.0,1.5,1013.0
2025-11-29,Abomey,24.9,75.5,0.0,3.1,1012.7
2025-11-29,Parakou,23.8,82.6,0.0,2.1,1013.3
2025-11-29,Natitingou,24.3,69.4,0.0,1.9,1013.3
2025-11-29,Kandi,24.0,61.7,0.0,2.0,1016.2
2025-11-29,Malanville,28.4,58.8,0.0,2.4,1013.0
2025-11-30,Cotonou,27.6,88.7,0.0,2.8,1013.6
2025-11-30,Porto-Novo,27.7,75.6,0.0,2.8,1010.4
2025-11-30,Ouidah,27.1,86.7,0.0,2.6,1012.8
2025-11-30,Abomey-Calavi,27.9,81.3,4.0,2.2,1013.8
2025-11-30,Bohicon,29.6,87.6,0.0,3.2,1013.4
2025-11-30,Abomey,25.7,81.0,0.0,2.8,1013.5
2025-11-30,Parakou,24.7,82.6,0.0,3.4,1016.0
2025-11-30,Natitingou,23.0,63.3,0.0,2.5,1016.0
2025-11-30,Kandi,25.0,62.6,0.0,2.1,1015.3
2025-11-30,Malanville,25.9,51.5,0.0,1.8,1015.1
2025-12-01,Cotonou,24.2,81.2,0.0,1.9,1012.1
2025-12-01,Porto-Novo,27.6,86.7,0.0,2.5,1008.8
2025-12-01,Ouidah,27.2,81.7,0.0,3.0,1013.6
2025-12-01,Abomey-Calavi,23.9,83.8,0.0,1.8,1011.9
2025-12-01,Bohicon,25.3,80.4,0.0,3.1,1016.6
2025-12-01,Abomey,26.4,67.6,0.0,2.5,1013.8
2025-12-01,Parakou,23.5,69.4,0.0,4.2,1016.0
2025-12-01,Natitingou,25.0,52.2,0.0,2.4,1012.3
2025-12-01,Kandi,27.6,52.2,0.0,2.5,1014.8
2025-12-01,Malanville,26.9,60.3,0.0,2.4,1015.5
2025-12-02,Cotonou,24.5,86.3,0.0,2.7,1007.8
2025-12-02,Porto-Novo,26.3,88.6,0.0,2.5,1011.3
2025-12-02,Ouidah,26.3,85.1,0.0,1.8,1011.7
2025-12-02,Abomey-Calavi,28.9,92.0,5.0,1.1,1013.9
2025-12-02,Bohicon,26.2,78.6,3.1,2.2,1017.6
2025-12-02,Abomey,26.6,83.9,0.0,1.3,1012.3
2025-12-02,Parakou,24.1,73.4,1.7,2.1,1013.9
2025-12-02,Natitingou,21.8,66.1,0.0,1.6,1017.0
2025-12-02,Kandi,27.4,61.9,0.0,1.2,1017.7
2025-12-02,Malanville,27.9,55.3,0.0,2.5,1017.8
2025-12-03,Cotonou,28.1,80.6,0.0,2.5,1013.1
2025-12-03,Porto-Novo,24.5,84.5,0.0,0.5,1012.3
2025-12-03,Ouidah,25.6,87.9,0.0,2.8,1013.2
2025-12-03,Abomey-Calavi,27.0,83.0,0.0,2.9,1012.5
2025-12-03,Bohicon,24.7,73.9,0.0,2.4,1015.7
2025-12-03,Abomey,25.6,71.1,0.0,2.7,1015.1
2025-12-03,Parakou,26.6,72.0,0.0,3.0,1017.6
2025-12-03,Natitingou,26.6,64.8,0.0,2.2,1016.2
2025-12-03,Kandi,25.3,64.0,0.7,3.1,1020.6
2025-12-03,Malanville,27.1,56.6,0.0,2.5,1015.2
2025-12-04,Cotonou,27.2,88.1,0.0,3.2,1007.9
2025-12-04,Porto-Novo,27.6,85.9,0.0,3.5,1015.6
2025-12-04,Ouidah,27.5,88.1,5.3,3.1,1016.1
2025-12-04,Abomey-Calavi,26.7,89.4,0.0,1.7,1013.7
2025-12-04,Bohicon,25.8,77.9,0.0,1.7,1014.9
2025-12-04,Abomey,23.0,79.8,3.5,3.3,1014.3
2025-12-04,Parakou,25.1,68.8,2.8,2.9,1011.9
2025-12-04,Natitingou,23.1,72.4,0.0,2.2,1017.0
2025-12-04,Kandi,26.2,59.3,0.0,2.7,1018.2
2025-12-04,Malanville,27.3,54.2,0.0,3.7,1014.2
2025-12-05,Cotonou,25.3,83.8,0.0,2.9,1011.0
2025-12-05,Porto-Novo,26.9,91.2,3.8,3.4,1017.8
2025-12-05,Ouidah,27.8,84.9,0.0,2.6,1015.0
2025-12-05,Abomey-Calavi,24.3,97.1,3.2,2.7,1011.6
2025-12-05,Bohicon,24.8,75.3,3.9,2.9,1017.0
2025-12-05,Abomey,24.8,76.8,0.0,2.0,1012.4
2025-12-05,Parakou,24.7,69.1,0.0,1.8,1012.9
2025-12-05,Natitingou,23.5,58.7,0.0,2.2,1019.1
2025-12-05,Kandi,26.1,63.8,0.0,3.1,1017.5
2025-12-05,Malanville,26.4,56.3,2.6,1.7,1016.8
2025-12-06,Cotonou,30.1,83.9,4.7,2.8,1015.0
2025-12-06,Porto-Novo,27.2,89.8,0.0,2.7,1014.1
2025-12-06,Ouidah,22.8,88.3,0.1,2.6,1012.4
2025-12-06,Abomey-Calavi,26.7,88.1,0.0,1.6,1012.8
2025-12-06,Bohicon,25.1,87.8,2.4,2.7,1012.9
2025-12-06,Abomey,25.9,77.9,4.8,2.8,1017.7
2025-12-06,Parakou,21.8,69.5,6.3,2.5,1015.5
2025-12-06,Natitingou,24.8,64.8,0.0,2.1,1015.9
2025-12-06,Kandi,27.5,58.8,0.0,1.8,1015.5
2025-12-06,Malanville,27.4,50.4,0.0,2.6,1016.7
2025-12-07,Cotonou,26.3,92.4,6.0,3.1,1011.6
2025-12-07,Porto-Novo,26.2,77.8,0.0,3.0,1015.6
2025-12-07,Ouidah,28.1,83.5,0.0,1.4,1012.8
2025-12-07,Abomey-Calavi,26.0,75.7,0.0,1.7,1015.2
2025-12-07,Bohicon,25.4,71.6,0.0,3.9,1012.7
2025-12-07,Abomey,26.5,70.2,0.0,2.2,1016.2
2025-12-07,Parakou,28.1,72.4,0.0,3.2,1014.7
2025-12-07,Natitingou,23.4,60.4,3.9,2.9,1016.7
2025-12-07,Kandi,26.6,63.1,0.0,2.1,1013.3
2025-12-07,Malanville,26.9,56.5,0.0,3.5,1017.4
2025-12-08,Cotonou,26.1,89.0,0.0,2.6,1013.5
2025-12-08,Porto-Novo,26.0,81.9,0.0,3.0,1013.2
2025-12-08,Ouidah,26.2,81.6,0.0,4.1,1013.5
2025-12-08,Abomey-Calavi,28.2,81.0,0.0,1.1,1013.9
2025-12-08,Bohicon,25.9,78.3,0.0,2.4,1013.6
2025-12-08,Abomey,22.8,73.1,0.5,3.1,1013.0
2025-12-08,Parakou,23.3,68.2,0.0,2.8,1014.9
2025-12-08,Natitingou,24.4,62.1,0.0,1.8,1015.8
2025-12-08,Kandi,26.2,64.2,1.5,4.0,1016.0
2025-12-08,Malanville,28.5,60.2,0.0,2.6,1017.4
2025-12-09,Cotonou,26.5,87.0,0.0,3.0,1016.0
2025-12-09,Porto-Novo,25.6,81.6,0.0,3.3,1016.5
2025-12-09,Ouidah,25.3,89.8,0.0,0.8,1016.8
2025-12-09,Abomey-Calavi,26.6,85.7,1.6,2.5,1014.1
2025-12-09,Bohicon,25.3,76.2,0.5,2.0,1017.8
2025-12-09,Abomey,25.8,74.7,0.0,1.8,1017.0
2025-12-09,Parakou,26.8,73.5,0.0,2.1,1017.4
2025-12-09,Natitingou,25.3,63.2,0.0,3.0,1013.5
2025-12-09,Kandi,26.4,59.8,0.0,2.0,1019.1
2025-12-09,Malanville,25.4,56.9,0.0,2.1,1017.4
2025-12-10,Cotonou,26.1,86.9,0.0,3.1,1017.6
2025-12-10,Porto-Novo,26.0,81.8,7.3,2.5,1013.8
2025-12-10,Ouidah,23.8,86.8,0.0,2.9,1016.9
2025-12-10,Abomey-Calavi,25.6,83.9,0.0,1.7,1012.6
2025-12-10,Bohicon,24.1,76.0,4.9,1.9,1016.0
2025-12-10,Abomey,26.5,79.5,0.0,2.0,1010.2
2025-12-10,Parakou,25.0,67.3,0.0,1.7,1014.4
2025-12-10,Natitingou,22.5,65.2,0.0,2.4,1018.8
2025-12-10,Kandi,25.8,43.4,0.0,3.4,1011.3
2025-12-10,Malanville,28.4,55.9,0.0,3.7,1017.1
2025-12-11,Cotonou,24.6,79.4,0.0,2.2,1019.1
2025-12-11,Porto-Novo,27.0,89.3,0.0,3.0,1011.7
2025-12-11,Ouidah,26.2,88.9,0.0,3.0,1014.2
2025-12-11,Abomey-Calavi,25.3,81.8,0.0,3.1,1012.5
2025-12-11,Bohicon,26.1,77.3,0.0,2.5,1012.8
2025-12-11,Abomey,25.8,74.3,0.0,1.6,1013.3
2025-12-11,Parakou,24.8,75.9,0.0,2.2,1014.3
2025-12-11,Natitingou,26.4,63.9,0.0,1.8,1014.3
2025-12-11,Kandi,26.4,53.8,0.0,2.2,1018.6
2025-12-11,Malanville,27.4,57.0,0.0,3.2,1016.1
2025-12-12,Cotonou,24.8,91.6,0.0,1.8,1011.5
2025-12-12,Porto-Novo,26.0,86.6,0.0,1.7,1009.9
2025-12-12,Ouidah,27.7,96.2,0.0,2.8,1014.9
2025-12-12,Abomey-Calavi,26.4,89.1,0.0,3.6,1012.4
2025-12-12,Bohicon,24.7,76.7,0.0,1.9,1015.9
2025-12-12,Abomey,26.4,71.5,0.0,3.3,1019.8
2025-12-12,Parakou,25.3,66.3,0.0,2.4,1016.6
2025-12-12,Natitingou,22.9,67.0,1.1,2.7,1017.3
2025-12-12,Kandi,27.3,53.5,0.0,2.8,1015.6
2025-12-12,Malanville,26.9,68.3,0.0,3.4,1014.3
2025-12-13,Cotonou,26.9,87.2,0.0,2.7,1010.3
2025-12-13,Porto-Novo,24.2,86.1,0.0,2.6,1012.6
2025-12-13,Ouidah,25.2,83.0,0.0,2.7,1008.3
2025-12-13,Abomey-Calavi,25.6,77.2,0.0,3.2,1014.2
2025-12-13,Bohicon,27.3,79.8,0.0,1.5,1011.2
2025-12-13,Abomey,24.8,78.8,2.1,2.6,1014.9
2025-12-13,Parakou,26.9,68.3,0.0,2.3,1012.0
2025-12-13,Natitingou,23.2,66.7,0.4,1.0,1016.5
2025-12-13,Kandi,26.1,54.1,0.0,2.7,1015.6
2025-12-13,Malanville,27.2,54.3,0.0,3.1,1015.3
2025-12-14,Cotonou,28.1,80.9,0.0,1.0,1009.8
2025-12-14,Porto-Novo,26.2,90.3,2.5,3.1,1011.4
2025-12-14,Ouidah,26.6,93.5,0.3,1.6,1012.5
2025-12-14,Abomey-Calavi,26.1,78.8,0.0,3.0,1011.4
2025-12-14,Bohicon,27.6,76.2,0.0,2.0,1018.1
2025-12-14,Abomey,27.3,82.2,0.0,2.9,1018.0
2025-12-14,Parakou,24.9,69.4,0.0,1.5,1012.8
2025-12-14,Natitingou,21.4,60.4,0.0,2.1,1015.4
2025-12-14,Kandi,27.1,52.3,0.0,1.5,1016.6
2025-12-14,Malanville,27.5,66.2,0.0,2.0,1018.2
2025-12-15,Cotonou,27.0,83.5,0.0,2.6,1009.1
2025-12-15,Porto-Novo,28.3,78.7,0.0,4.1,1013.7
2025-12-15,Ouidah,26.4,91.1,0.0,3.6,1012.6
2025-12-15,Abomey-Calavi,26.8,73.0,3.6,1.5,1010.1
2025-12-15,Bohicon,23.7,71.8,0.0,2.1,1012.7
2025-12-15,Abomey,25.4,85.5,0.0,2.3,1011.2
2025-12-15,Parakou,23.7,70.2,0.0,1.9,1016.3
2025-12-15,Natitingou,25.0,68.6,0.0,2.5,1016.7
2025-12-15,Kandi,24.8,56.3,0.0,2.9,1015.4
2025-12-15,Malanville,29.5,65.6,0.0,2.2,1014.5
2025-12-16,Cotonou,26.3,81.2,0.0,3.9,1012.8
2025-12-16,Porto-Novo,27.9,83.5,0.0,4.8,1014.8
2025-12-16,Ouidah,24.5,75.2,0.0,3.4,1013.5
2025-12-16,Abomey-Calavi,27.7,83.0,0.1,3.1,1014.4
2025-12-16,Bohicon,23.1,75.8,0.3,1.7,1015.9
2025-12-16,Abomey,26.2,79.9,0.0,3.4,1014.8
2025-12-16,Parakou,22.7,64.9,0.0,2.6,1017.2
2025-12-16,Natitingou,26.0,55.9,0.0,2.6,1016.1
2025-12-16,Kandi,25.0,56.7,0.0,2.6,1014.8
2025-12-16,Malanville,27.6,59.1,0.0,4.0,1012.9
2025-12-17,Cotonou,28.4,85.5,0.0,1.9,1013.3
2025-12-17,Porto-Novo,24.7,83.8,0.0,2.1,1013.0
2025-12-17,Ouidah,27.1,89.5,0.0,2.7,1015.3
2025-12-17,Abomey-Calavi,24.1,78.9,0.0,2.4,1013.6
2025-12-17,Bohicon,26.1,71.2,0.0,2.1,1012.1
2025-12-17,Abomey,26.5,84.9,0.0,2.1,1012.6
2025-12-17,Parakou,25.2,73.3,0.0,2.6,1018.2
2025-12-17,Natitingou,24.1,60.9,0.0,2.5,1019.5
2025-12-17,Kandi,27.6,60.6,0.0,3.2,1017.4
2025-12-17,Malanville,27.2,54.0,0.0,2.9,1016.0
2025-12-18,Cotonou,28.2,83.6,0.0,1.4,1010.5
2025-12-18,Porto-Novo,27.4,88.1,0.0,2.6,1011.3
2025-12-18,Ouidah,26.0,85.0,0.0,2.3,1014.1
2025-12-18,Abomey-Calavi,24.1,83.0,3.5,3.1,1010.0
2025-12-18,Bohicon,23.9,76.4,0.0,2.9,1013.7
2025-12-18,Abomey,26.4,70.1,0.0,2.7,1014.5
2025-12-18,Parakou,24.6,64.6,0.0,2.4,1012.4
2025-12-18,Natitingou,25.2,59.3,0.0,2.1,1018.1
2025-12-18,Kandi,28.4,62.9,1.5,1.8,1015.8
2025-12-18,Malanville,28.4,48.5,0.0,3.5,1015.6
2025-12-19,Cotonou,27.0,90.6,8.0,2.8,1009.0
2025-12-19,Porto-Novo,27.3,77.9,0.0,1.1,1009.9
2025-12-19,Ouidah,26.9,88.1,0.0,3.4,1017.2
2025-12-19,Abomey-Calavi,25.7,86.2,0.0,1.7,1014.9
2025-12-19,Bohicon,26.6,75.9,0.4,2.8,1015.1
2025-12-19,Abomey,24.8,77.3,0.0,2.3,1017.2
2025-12-19,Parakou,24.9,66.1,0.0,2.4,1014.7
2025-12-19,Natitingou,26.1,62.1,3.5,2.7,1013.9
2025-12-19,Kandi,28.3,53.6,0.0,2.6,1014.4
2025-12-19,Malanville,28.9,53.7,0.0,3.6,1013.2
2025-12-20,Cotonou,27.6,83.7,0.0,3.3,1017.0
2025-12-20,Porto-Novo,27.6,94.4,0.0,2.6,1014.5
2025-12-20,Ouidah,26.5,83.4,0.0,0.8,1015.5
2025-12-20,Abomey-Calavi,26.6,82.9,0.0,1.4,1011.9
2025-12-20,Bohicon,25.8,70.7,2.8,1.7,1016.1
2025-12-20,Abomey,25.4,73.1,0.0,1.8,1016.8
2025-12-20,Parakou,26.9,74.0,0.0,2.4,1019.0
2025-12-20,Natitingou,25.6,66.8,0.0,2.6,1021.4
2025-12-20,Kandi,27.6,54.3,0.0,2.3,1013.1
2025-12-20,Malanville,28.1,52.6,0.0,3.1,1017.2
2025-12-21,Cotonou,25.2,80.6,0.0,4.6,1012.8
2025-12-21,Porto-Novo,28.7,83.2,0.0,2.5,1010.7
2025-12-21,Ouidah,26.2,86.0,0.0,2.7,1017.0
2025-12-21,Abomey-Calavi,26.4,83.7,1.4,2.4,1012.3
2025-12-21,Bohicon,28.4,72.7,0.0,3.0,1017.4
2025-12-21,Abomey,27.5,69.2,0.0,2.6,1013.3
2025-12-21,Parakou,26.4,68.9,0.0,2.9,1015.3
2025-12-21,Natitingou,25.1,60.4,0.0,2.2,1015.9
2025-12-21,Kandi,27.2,63.2,1.6,1.1,1011.9
2025-12-21,Malanville,30.7,64.0,0.0,3.7,1014.3
2025-12-22,Cotonou,27.6,82.9,0.0,1.3,1011.0
2025-12-22,Porto-Novo,27.3,78.0,0.0,2.3,1013.8
2025-12-22,Ouidah,27.1,86.6,0.9,2.3,1014.2
2025-12-22,Abomey-Calavi,26.4,83.3,0.0,1.8,1016.2
2025-12-22,Bohicon,23.8,73.3,2.5,1.3,1018.0
2025-12-22,Abomey,27.1,82.2,0.0,2.7,1010.6
2025-12-22,Parakou,27.3,62.8,0.0,1.8,1016.2
2025-12-22,Natitingou,24.8,59.7,0.0,2.2,1014.9
2025-12-22,Kandi,27.8,64.9,0.0,3.8,1011.5
2025-12-22,Malanville,26.0,52.0,0.0,2.1,1011.8
2025-12-23,Cotonou,30.0,87.2,0.0,3.0,1014.5
2025-12-23,Porto-Novo,26.8,80.4,0.0,2.6,1017.5
2025-12-23,Ouidah,25.3,85.3,0.0,3.3,1008.4
2025-12-23,Abomey-Calavi,26.4,83.0,0.0,2.8,1011.8
2025-12-23,Bohicon,23.0,70.1,0.0,2.7,1017.0
2025-12-23,Abomey,25.9,78.5,0.0,3.2,1013.8
2025-12-23,Parakou,28.2,67.6,0.0,2.9,1018.1
2025-12-23,Natitingou,24.9,66.0,0.0,1.7,1015.2
2025-12-23,Kandi,28.8,63.2,1.8,3.0,1012.9
2025-12-23,Malanville,24.7,60.0,0.0,3.3,1017.2
2025-12-24,Cotonou,27.9,84.1,0.0,3.0,1012.1
2025-12-24,Porto-Novo,27.9,87.4,0.0,2.5,1017.4
2025-12-24,Ouidah,24.9,96.4,0.0,1.7,1011.4
2025-12-24,Abomey-Calavi,27.8,82.1,0.0,1.7,1013.3
2025-12-24,Bohicon,24.0,67.9,0.0,2.5,1015.7
2025-12-24,Abomey,26.5,79.8,0.0,1.9,1016.0
2025-12-24,Parakou,25.0,66.8,0.0,2.3,1011.7
2025-12-24,Natitingou,25.2,61.9,0.0,1.8,1017.9
2025-12-24,Kandi,27.1,51.0,0.0,3.0,1012.7
2025-12-24,Malanville,28.8,55.2,0.0,2.9,1014.2
2025-12-25,Cotonou,26.7,83.9,0.0,2.5,1013.8
2025-12-25,Porto-Novo,25.7,82.3,0.0,2.8,1017.2
2025-12-25,Ouidah,27.9,80.1,1.0,2.5,1014.1
2025-12-25,Abomey-Calavi,27.8,83.0,0.0,1.6,1014.7
2025-12-25,Bohicon,22.7,67.9,0.0,3.0,1011.5
2025-12-25,Abomey,26.2,77.0,0.0,3.4,1013.7
2025-12-25,Parakou,24.9,76.2,0.0,2.1,1014.6
2025-12-25,Natitingou,25.3,56.8,0.0,1.8,1013.1
2025-12-25,Kandi,25.4,51.4,0.0,3.4,1016.6
2025-12-25,Malanville,28.7,55.1,0.0,4.1,1018.3
2025-12-26,Cotonou,23.6,82.7,2.5,2.7,1012.8
2025-12-26,Porto-Novo,26.5,85.7,0.0,3.0,1014.2
2025-12-26,Ouidah,25.7,88.2,0.0,3.1,1014.7
2025-12-26,Abomey-Calavi,26.1,83.3,0.0,2.4,1013.4
2025-12-26,Bohicon,29.3,78.5,0.0,2.9,1016.1
2025-12-26,Abomey,27.0,75.0,0.0,3.3,1012.6
2025-12-26,Parakou,25.7,66.3,0.0,3.0,1013.3
2025-12-26,Natitingou,24.5,68.8,0.0,3.1,1015.8
2025-12-26,Kandi,26.8,61.8,0.0,3.7,1017.3
2025-12-26,Malanville,26.1,47.5,0.0,3.2,1019.5
2025-12-27,Cotonou,27.1,89.6,4.3,2.4,1015.0
2025-12-27,Porto-Novo,27.3,85.9,2.3,3.0,1012.3
2025-12-27,Ouidah,27.2,84.0,0.0,1.2,1014.2
2025-12-27,Abomey-Calavi,25.1,81.9,0.0,2.6,1012.9
2025-12-27,Bohicon,26.5,72.1,0.0,2.1,1017.0
2025-12-27,Abomey,26.7,74.8,0.0,2.8,1015.1
2025-12-27,Parakou,24.6,72.8,0.0,3.8,1014.8
2025-12-27,Natitingou,22.2,62.9,0.0,2.0,1016.9
2025-12-27,Kandi,27.5,55.9,0.0,2.2,1018.6
2025-12-27,Malanville,29.1,58.5,0.0,2.1,1018.4
2025-12-28,Cotonou,27.1,79.0,0.0,2.8,1015.9
2025-12-28,Porto-Novo,27.3,83.6,0.0,2.7,1011.3
2025-12-28,Ouidah,26.8,95.1,1.3,2.6,1014.5
2025-12-28,Abomey-Calavi,28.2,82.2,0.0,1.9,1013.3
2025-12-28,Bohicon,25.9,71.5,0.0,3.1,1016.0
2025-12-28,Abomey,24.6,76.5,0.0,2.1,1013.9
2025-12-28,Parakou,26.7,66.9,0.0,2.4,1013.5
2025-12-28,Natitingou,23.7,58.8,0.0,2.1,1014.1
2025-12-28,Kandi,29.2,53.2,0.0,1.7,1009.8
2025-12-28,Malanville,28.6,51.7,0.0,2.7,1013.6
2025-12-29,Cotonou,27.5,79.3,0.0,2.6,1015.8
2025-12-29,Porto-Novo,24.2,83.4,0.0,3.3,1012.4
2025-12-29,Ouidah,25.1,86.2,0.0,3.6,1014.0
2025-12-29,Abomey-Calavi,26.6,77.0,0.2,1.5,1012.8
2025-12-29,Bohicon,26.4,74.9,0.0,2.8,1013.4
2025-12-29,Abomey,25.8,72.9,0.0,1.7,1017.2
2025-12-29,Parakou,23.9,59.9,0.0,2.4,1016.4
2025-12-29,Natitingou,21.7,68.0,1.3,1.9,1015.3
2025-12-29,Kandi,28.2,55.1,0.0,2.6,1013.0
2025-12-29,Malanville,26.1,60.6,0.0,2.9,1016.1
2025-12-30,Cotonou,26.3,87.4,0.0,2.6,1009.4
2025-12-30,Porto-Novo,28.0,89.6,0.0,2.1,1010.5
2025-12-30,Ouidah,24.8,78.6,0.0,3.0,1014.0
2025-12-30,Abomey-Calavi,29.0,78.4,0.2,2.7,1015.3
2025-12-30,Bohicon,25.1,83.1,0.0,1.9,1009.9
2025-12-30,Abomey,24.1,73.3,0.0,2.3,1012.3
2025-12-30,Parakou,26.8,67.3,0.7,2.0,1016.4
2025-12-30,Natitingou,22.3,69.2,0.0,2.6,1015.9
2025-12-30,Kandi,24.3,53.6,0.0,2.4,1017.2
2025-12-30,Malanville,28.0,56.2,0.9,1.2,1012.6
2025-12-31,Cotonou,26.9,83.9,0.0,3.1,1010.3
2025-12-31,Porto-Novo,26.7,77.5,0.0,2.2,1010.8
2025-12-31,Ouidah,25.6,84.7,3.0,3.6,1013.7
2025-12-31,Abomey-Calavi,24.3,82.6,0.0,2.8,1015.5
2025-12-31,Bohicon,25.1,76.3,0.0,1.9,1012.5
2025-12-31,Abomey,26.4,81.2,0.0,2.5,1013.0
2025-12-31,Parakou,23.6,69.5,0.0,2.4,1016.6
2025-12-31,Natitingou,23.9,69.2,0.8,2.4,1012.5
2025-12-31,Kandi,26.5,59.0,0.0,3.0,1017.8
2025-12-31,Malanville,28.4,50.5,0.7,3.8,1016.8
